Sub_Directory,Description_Type,LLM_GPT4.5_Score,LLM_Claude_Score,LLM_Average_Score,LLM_Consensus,ST_Similarity_Score,Score_Difference,Agreement,LLM_Success,ST_Success,Both_Success,Neither_Success
p02389,Description_Fewshot,0.0,0.0,0.0,False,0.16278281807899475,0.16278281807899475,True,False,False,False,True
p02389,Description_Reason,0.0,0.0,0.0,False,0.22394123673439026,0.22394123673439026,True,False,False,False,True
p02389,Description_Simple,0.0,0.0,0.0,False,0.2450868785381317,0.2450868785381317,True,False,False,False,True
p02397,Description_Fewshot,0.0,0.0,0.0,False,0.32664966583251953,0.32664966583251953,True,False,False,False,True
p02397,Description_Reason,0.0,0.0,0.0,False,0.4249612092971802,0.4249612092971802,True,False,False,False,True
p02397,Description_Simple,0.0,0.0,0.0,False,0.39717012643814087,0.39717012643814087,True,False,False,False,True
p02553,Description_Fewshot,0.0,0.0,0.0,False,0.002903234213590622,0.002903234213590622,True,False,False,False,True
p02553,Description_Reason,0.0,0.0,0.0,False,0.03280249983072281,0.03280249983072281,True,False,False,False,True
p02553,Description_Simple,0.0,0.0,0.0,False,0.04830952361226082,0.04830952361226082,True,False,False,False,True
p02409,Description_Fewshot,0.0,0.0,0.0,False,0.13101425766944885,0.13101425766944885,True,False,False,False,True
p02409,Description_Reason,0.0,0.0,0.0,False,0.2066899538040161,0.2066899538040161,True,False,False,False,True
p02409,Description_Simple,0.0,0.0,0.0,False,0.25708529353141785,0.25708529353141785,True,False,False,False,True
p02899,Description_Fewshot,0.0,0.0,0.0,False,0.1447703242301941,0.1447703242301941,True,False,False,False,True
p02899,Description_Reason,0.0,0.0,0.0,False,0.18407271802425385,0.18407271802425385,True,False,False,False,True
p02899,Description_Simple,0.0,0.0,0.0,False,0.08554279804229736,0.08554279804229736,True,False,False,False,True
p02408,Description_Fewshot,0.0,0.0,0.0,False,0.08075492084026337,0.08075492084026337,True,False,False,False,True
p02408,Description_Reason,0.0,0.0,0.0,False,0.08796609938144684,0.08796609938144684,True,False,False,False,True
p02408,Description_Simple,0.0,0.0,0.0,False,0.1241878867149353,0.1241878867149353,True,False,False,False,True
p02911,Description_Fewshot,0.0,0.0,0.0,False,0.16716758906841278,0.16716758906841278,True,False,False,False,True
p02911,Description_Reason,0.0,0.0,0.0,False,0.20170526206493378,0.20170526206493378,True,False,False,False,True
p02911,Description_Simple,0.0,0.0,0.0,False,0.19473345577716827,0.19473345577716827,True,False,False,False,True
p02812,Description_Fewshot,0.0,0.0,0.0,False,0.29940903186798096,0.29940903186798096,True,False,False,False,True
p02812,Description_Reason,0.0,0.0,0.0,False,0.09468834102153778,0.09468834102153778,True,False,False,False,True
p02812,Description_Simple,0.0,0.0,0.0,False,0.1155327558517456,0.1155327558517456,True,False,False,False,True
p02724,Description_Fewshot,0.0,0.0,0.0,False,-0.08496874570846558,0.08496874570846558,True,False,False,False,True
p02724,Description_Reason,0.0,0.0,0.0,False,0.15162533521652222,0.15162533521652222,True,False,False,False,True
p02724,Description_Simple,0.0,0.0,0.0,False,0.1514236181974411,0.1514236181974411,True,False,False,False,True
p02994,Description_Fewshot,0.0,0.0,0.0,False,0.09217756986618042,0.09217756986618042,True,False,False,False,True
p02994,Description_Reason,0.0,0.0,0.0,False,0.2515297532081604,0.2515297532081604,True,False,False,False,True
p02994,Description_Simple,0.0,0.0,0.0,False,0.35906893014907837,0.35906893014907837,True,False,False,False,True
p02910,Description_Fewshot,0.0,0.0,0.0,False,0.21116842329502106,0.21116842329502106,True,False,False,False,True
p02910,Description_Reason,0.0,0.0,0.0,False,0.1985863596200943,0.1985863596200943,True,False,False,False,True
p02910,Description_Simple,0.0,0.0,0.0,False,0.1646536886692047,0.1646536886692047,True,False,False,False,True
p02628,Description_Fewshot,0.0,0.0,0.0,False,0.07222539931535721,0.07222539931535721,True,False,False,False,True
p02628,Description_Reason,0.0,0.0,0.0,False,0.2630070149898529,0.2630070149898529,True,False,False,False,True
p02628,Description_Simple,0.0,0.0,0.0,False,0.15398430824279785,0.15398430824279785,True,False,False,False,True
p03316,Description_Fewshot,0.0,0.0,0.0,False,0.23176288604736328,0.23176288604736328,True,False,False,False,True
p03316,Description_Reason,0.0,0.0,0.0,False,0.12251049280166626,0.12251049280166626,True,False,False,False,True
p03316,Description_Simple,0.0,0.0,0.0,False,0.07005730271339417,0.07005730271339417,True,False,False,False,True
p02958,Description_Fewshot,0.0,0.0,0.0,False,0.2482856810092926,0.2482856810092926,True,False,False,False,True
p02958,Description_Reason,0.0,0.0,0.0,False,0.2282208949327469,0.2282208949327469,True,False,False,False,True
p02958,Description_Simple,0.0,0.0,0.0,False,0.1348332166671753,0.1348332166671753,True,False,False,False,True
p02407,Description_Fewshot,0.0,0.0,0.0,False,0.4580569863319397,0.4580569863319397,True,False,False,False,True
p02407,Description_Reason,0.0,0.0,0.0,False,0.5551745295524597,0.5551745295524597,False,False,True,False,False
p02407,Description_Simple,0.5,0.0,0.25,False,0.5340357422828674,0.28403574228286743,False,False,True,False,False
p02391,Description_Fewshot,0.0,0.0,0.0,False,0.2850304841995239,0.2850304841995239,True,False,False,False,True
p02391,Description_Reason,0.0,0.0,0.0,False,0.608489990234375,0.608489990234375,False,False,True,False,False
p02391,Description_Simple,0.5,0.0,0.25,False,0.6933517456054688,0.44335174560546875,False,False,True,False,False
p02988,Description_Fewshot,0.0,0.0,0.0,False,0.09099657833576202,0.09099657833576202,True,False,False,False,True
p02988,Description_Reason,0.0,0.5,0.25,False,0.4321153461933136,0.1821153461933136,True,False,False,False,True
p02988,Description_Simple,0.0,0.0,0.0,False,0.4329340159893036,0.4329340159893036,True,False,False,False,True
p02394,Description_Fewshot,0.0,0.0,0.0,False,0.12502740323543549,0.12502740323543549,True,False,False,False,True
p02394,Description_Reason,0.0,0.0,0.0,False,0.25095391273498535,0.25095391273498535,True,False,False,False,True
p02394,Description_Simple,0.0,0.0,0.0,False,0.2676446735858917,0.2676446735858917,True,False,False,False,True
p03416,Description_Fewshot,0.5,0.0,0.25,False,0.4382321238517761,0.18823212385177612,True,False,False,False,True
p03416,Description_Reason,0.0,0.0,0.0,False,0.029454898089170456,0.029454898089170456,True,False,False,False,True
p03416,Description_Simple,0.0,0.0,0.0,False,0.09895241260528564,0.09895241260528564,True,False,False,False,True
p03632,Description_Fewshot,0.0,0.0,0.0,False,0.054223839193582535,0.054223839193582535,True,False,False,False,True
p03632,Description_Reason,0.0,0.5,0.25,False,0.7492434978485107,0.49924349784851074,False,False,True,False,False
p03632,Description_Simple,0.0,0.0,0.0,False,0.5157808661460876,0.5157808661460876,False,False,True,False,False
p02410,Description_Fewshot,0.0,0.0,0.0,False,0.09220802783966064,0.09220802783966064,True,False,False,False,True
p02410,Description_Reason,0.0,0.0,0.0,False,0.09447507560253143,0.09447507560253143,True,False,False,False,True
p02410,Description_Simple,0.0,0.0,0.0,False,0.17576245963573456,0.17576245963573456,True,False,False,False,True
p02971,Description_Fewshot,0.0,0.0,0.0,False,0.0768706351518631,0.0768706351518631,True,False,False,False,True
p02971,Description_Reason,0.0,0.0,0.0,False,0.5112981200218201,0.5112981200218201,False,False,True,False,False
p02971,Description_Simple,0.0,0.0,0.0,False,0.5398454070091248,0.5398454070091248,False,False,True,False,False
p03456,Description_Fewshot,0.0,0.0,0.0,False,0.23381437361240387,0.23381437361240387,True,False,False,False,True
p03456,Description_Reason,0.0,0.0,0.0,False,0.2759860157966614,0.2759860157966614,True,False,False,False,True
p03456,Description_Simple,0.0,0.0,0.0,False,0.17981454730033875,0.17981454730033875,True,False,False,False,True
p02786,Description_Fewshot,0.0,0.0,0.0,False,0.041288189589977264,0.041288189589977264,True,False,False,False,True
p02786,Description_Reason,0.0,0.0,0.0,False,0.26945602893829346,0.26945602893829346,True,False,False,False,True
p02786,Description_Simple,0.0,0.0,0.0,False,0.19588881731033325,0.19588881731033325,True,False,False,False,True
p03293,Description_Fewshot,0.0,0.0,0.0,False,0.35656222701072693,0.35656222701072693,True,False,False,False,True
p03293,Description_Reason,0.0,0.0,0.0,False,0.1520349383354187,0.1520349383354187,True,False,False,False,True
p03293,Description_Simple,0.0,0.0,0.0,False,-0.022653013467788696,0.022653013467788696,True,False,False,False,True
p02945,Description_Fewshot,0.0,0.0,0.0,False,0.21839231252670288,0.21839231252670288,True,False,False,False,True
p02945,Description_Reason,0.0,0.0,0.0,False,0.2669751048088074,0.2669751048088074,True,False,False,False,True
p02945,Description_Simple,0.0,0.0,0.0,False,0.27307018637657166,0.27307018637657166,True,False,False,False,True
p00007,Description_Fewshot,0.0,0.0,0.0,False,0.14435917139053345,0.14435917139053345,True,False,False,False,True
p00007,Description_Reason,0.0,0.0,0.0,False,0.016523445025086403,0.016523445025086403,True,False,False,False,True
p00007,Description_Simple,0.0,0.0,0.0,False,0.17829492688179016,0.17829492688179016,True,False,False,False,True
p02754,Description_Fewshot,0.0,0.0,0.0,False,0.07692863047122955,0.07692863047122955,True,False,False,False,True
p02754,Description_Reason,0.0,0.0,0.0,False,0.10373154282569885,0.10373154282569885,True,False,False,False,True
p02754,Description_Simple,0.0,0.0,0.0,False,0.04106198996305466,0.04106198996305466,True,False,False,False,True
p03076,Description_Fewshot,0.0,0.0,0.0,False,0.08991503715515137,0.08991503715515137,True,False,False,False,True
p03076,Description_Reason,0.0,0.0,0.0,False,0.2329634428024292,0.2329634428024292,True,False,False,False,True
p03076,Description_Simple,0.0,0.0,0.0,False,0.1631508469581604,0.1631508469581604,True,False,False,False,True
p03835,Description_Fewshot,0.0,0.0,0.0,False,0.0559503436088562,0.0559503436088562,True,False,False,False,True
p03835,Description_Reason,0.0,0.0,0.0,False,0.05842868238687515,0.05842868238687515,True,False,False,False,True
p03835,Description_Simple,0.0,0.0,0.0,False,0.1346406787633896,0.1346406787633896,True,False,False,False,True
p03455,Description_Fewshot,0.0,0.0,0.0,False,0.24898648262023926,0.24898648262023926,True,False,False,False,True
p03455,Description_Reason,0.0,0.0,0.0,False,0.15886174142360687,0.15886174142360687,True,False,False,False,True
p03455,Description_Simple,0.0,0.0,0.0,False,0.12158802151679993,0.12158802151679993,True,False,False,False,True
p02396,Description_Fewshot,0.0,0.0,0.0,False,0.32324114441871643,0.32324114441871643,True,False,False,False,True
p02396,Description_Reason,0.0,0.0,0.0,False,0.3330589532852173,0.3330589532852173,True,False,False,False,True
p02396,Description_Simple,0.0,0.0,0.0,False,0.35537439584732056,0.35537439584732056,True,False,False,False,True
p02767,Description_Fewshot,0.0,0.0,0.0,False,-0.022738635540008545,0.022738635540008545,True,False,False,False,True
p02767,Description_Reason,0.0,0.0,0.0,False,0.12927237153053284,0.12927237153053284,True,False,False,False,True
p02767,Description_Simple,0.0,0.0,0.0,False,0.08763530850410461,0.08763530850410461,True,False,False,False,True
p02755,Description_Fewshot,0.0,0.0,0.0,False,0.07579107582569122,0.07579107582569122,True,False,False,False,True
p02755,Description_Reason,0.0,0.0,0.0,False,0.1196957603096962,0.1196957603096962,True,False,False,False,True
p02755,Description_Simple,0.0,0.0,0.0,False,0.1406988799571991,0.1406988799571991,True,False,False,False,True
p02830,Description_Fewshot,0.0,0.0,0.0,False,0.3576206862926483,0.3576206862926483,True,False,False,False,True
p02830,Description_Reason,0.0,0.0,0.0,False,0.14274261891841888,0.14274261891841888,True,False,False,False,True
p02830,Description_Simple,0.0,0.0,0.0,False,0.27061012387275696,0.27061012387275696,True,False,False,False,True
p03457,Description_Fewshot,0.0,0.0,0.0,False,0.08635254949331284,0.08635254949331284,True,False,False,False,True
p03457,Description_Reason,0.0,0.0,0.0,False,0.43648725748062134,0.43648725748062134,True,False,False,False,True
p03457,Description_Simple,0.0,0.0,0.0,False,0.16069117188453674,0.16069117188453674,True,False,False,False,True
p03998,Description_Fewshot,0.0,0.0,0.0,False,0.26725777983665466,0.26725777983665466,True,False,False,False,True
p03998,Description_Reason,0.0,0.0,0.0,False,0.30630022287368774,0.30630022287368774,True,False,False,False,True
p03998,Description_Simple,0.0,0.0,0.0,False,0.36262398958206177,0.36262398958206177,True,False,False,False,True
p02700,Description_Fewshot,0.0,0.0,0.0,False,0.07685104757547379,0.07685104757547379,True,False,False,False,True
p02700,Description_Reason,0.0,0.0,0.0,False,0.09039084613323212,0.09039084613323212,True,False,False,False,True
p02700,Description_Simple,0.0,0.0,0.0,False,0.32179680466651917,0.32179680466651917,True,False,False,False,True
p02657,Description_Fewshot,0.0,0.0,0.0,False,0.14799466729164124,0.14799466729164124,True,False,False,False,True
p02657,Description_Reason,0.0,0.0,0.0,False,0.2592026889324188,0.2592026889324188,True,False,False,False,True
p02657,Description_Simple,0.0,0.0,0.0,False,0.2237112671136856,0.2237112671136856,True,False,False,False,True
p02818,Description_Fewshot,0.0,0.0,0.0,False,0.04494769498705864,0.04494769498705864,True,False,False,False,True
p02818,Description_Reason,0.0,0.0,0.0,False,0.16280339658260345,0.16280339658260345,True,False,False,False,True
p02818,Description_Simple,0.0,0.0,0.0,False,0.19737949967384338,0.19737949967384338,True,False,False,False,True
p02970,Description_Fewshot,0.0,0.0,0.0,False,0.07384558022022247,0.07384558022022247,True,False,False,False,True
p02970,Description_Reason,0.0,0.0,0.0,False,0.12983094155788422,0.12983094155788422,True,False,False,False,True
p02970,Description_Simple,0.0,0.0,0.0,False,0.08377957344055176,0.08377957344055176,True,False,False,False,True
p02627,Description_Fewshot,0.0,0.0,0.0,False,0.4536561965942383,0.4536561965942383,True,False,False,False,True
p02627,Description_Reason,0.0,0.0,0.0,False,0.7409583330154419,0.7409583330154419,False,False,True,False,False
p02627,Description_Simple,0.0,0.0,0.0,False,0.7050833702087402,0.7050833702087402,False,False,True,False,False
p03106,Description_Fewshot,0.0,0.0,0.0,False,0.10212711989879608,0.10212711989879608,True,False,False,False,True
p03106,Description_Reason,0.0,0.0,0.0,False,0.5953899621963501,0.5953899621963501,False,False,True,False,False
p03106,Description_Simple,0.0,0.0,0.0,False,0.13210004568099976,0.13210004568099976,True,False,False,False,True
p02416,Description_Fewshot,0.0,0.0,0.0,False,0.2941461503505707,0.2941461503505707,True,False,False,False,True
p02416,Description_Reason,0.5,0.0,0.25,False,0.6259706020355225,0.37597060203552246,False,False,True,False,False
p02416,Description_Simple,0.5,0.0,0.25,False,0.7257498502731323,0.4757498502731323,False,False,True,False,False
p03449,Description_Fewshot,0.0,0.5,0.25,False,0.015195650048553944,0.23480434995144606,True,False,False,False,True
p03449,Description_Reason,0.0,0.0,0.0,False,0.5919066071510315,0.5919066071510315,False,False,True,False,False
p03449,Description_Simple,0.0,0.5,0.25,False,0.46112051606178284,0.21112051606178284,True,False,False,False,True
p03001,Description_Fewshot,0.0,0.0,0.0,False,0.061789289116859436,0.061789289116859436,True,False,False,False,True
p03001,Description_Reason,0.0,0.0,0.0,False,0.4826313257217407,0.4826313257217407,True,False,False,False,True
p03001,Description_Simple,0.0,0.0,0.0,False,0.0719430148601532,0.0719430148601532,True,False,False,False,True
p02848,Description_Fewshot,0.0,0.0,0.0,False,0.453643262386322,0.453643262386322,True,False,False,False,True
p02848,Description_Reason,0.0,0.0,0.0,False,0.3170071244239807,0.3170071244239807,True,False,False,False,True
p02848,Description_Simple,0.0,0.0,0.0,False,0.051698796451091766,0.051698796451091766,True,False,False,False,True
p03325,Description_Fewshot,0.0,0.0,0.0,False,0.02601771056652069,0.02601771056652069,True,False,False,False,True
p03325,Description_Reason,0.0,0.0,0.0,False,0.28200212121009827,0.28200212121009827,True,False,False,False,True
p03325,Description_Simple,0.0,0.0,0.0,False,0.20582784712314606,0.20582784712314606,True,False,False,False,True
p02772,Description_Fewshot,0.0,0.0,0.0,False,0.2628813087940216,0.2628813087940216,True,False,False,False,True
p02772,Description_Reason,0.0,0.0,0.0,False,0.17396698892116547,0.17396698892116547,True,False,False,False,True
p02772,Description_Simple,0.0,0.0,0.0,False,0.2125447541475296,0.2125447541475296,True,False,False,False,True
p02982,Description_Fewshot,0.0,0.0,0.0,False,0.05891972407698631,0.05891972407698631,True,False,False,False,True
p02982,Description_Reason,0.0,0.0,0.0,False,0.18918874859809875,0.18918874859809875,True,False,False,False,True
p02982,Description_Simple,0.0,0.0,0.0,False,0.31245529651641846,0.31245529651641846,True,False,False,False,True
p03545,Description_Fewshot,0.0,0.0,0.0,False,0.17740502953529358,0.17740502953529358,True,False,False,False,True
p03545,Description_Reason,0.0,0.0,0.0,False,0.04174052178859711,0.04174052178859711,True,False,False,False,True
p03545,Description_Simple,0.0,0.0,0.0,False,0.175167053937912,0.175167053937912,True,False,False,False,True
p00003,Description_Fewshot,0.0,0.0,0.0,False,0.22581005096435547,0.22581005096435547,True,False,False,False,True
p00003,Description_Reason,0.0,0.0,0.0,False,0.17423664033412933,0.17423664033412933,True,False,False,False,True
p00003,Description_Simple,0.0,0.0,0.0,False,0.27082517743110657,0.27082517743110657,True,False,False,False,True
p02388,Description_Fewshot,0.0,0.0,0.0,False,0.24624177813529968,0.24624177813529968,True,False,False,False,True
p02388,Description_Reason,0.5,0.0,0.25,False,0.6175646185874939,0.3675646185874939,False,False,True,False,False
p02388,Description_Simple,0.0,0.0,0.0,False,0.3694632053375244,0.3694632053375244,True,False,False,False,True
p02847,Description_Fewshot,0.0,0.0,0.0,False,0.21101009845733643,0.21101009845733643,True,False,False,False,True
p02847,Description_Reason,0.0,0.0,0.0,False,0.2175614833831787,0.2175614833831787,True,False,False,False,True
p02847,Description_Simple,0.0,0.0,0.0,False,0.12515980005264282,0.12515980005264282,True,False,False,False,True
p03146,Description_Fewshot,0.0,0.0,0.0,False,0.20890562236309052,0.20890562236309052,True,False,False,False,True
p03146,Description_Reason,0.0,0.0,0.0,False,0.24660080671310425,0.24660080671310425,True,False,False,False,True
p03146,Description_Simple,0.0,0.0,0.0,False,0.04910016432404518,0.04910016432404518,True,False,False,False,True
p02547,Description_Fewshot,0.0,0.0,0.0,False,0.2197626531124115,0.2197626531124115,True,False,False,False,True
p02547,Description_Reason,0.0,0.0,0.0,False,0.007445691153407097,0.007445691153407097,True,False,False,False,True
p02547,Description_Simple,0.0,0.0,0.0,False,0.08841368556022644,0.08841368556022644,True,False,False,False,True
p02415,Description_Fewshot,0.0,0.0,0.0,False,0.5254141092300415,0.5254141092300415,False,False,True,False,False
p02415,Description_Reason,0.0,0.0,0.0,False,0.45513561367988586,0.45513561367988586,True,False,False,False,True
p02415,Description_Simple,0.0,0.0,0.0,False,0.47898179292678833,0.47898179292678833,True,False,False,False,True
p02989,Description_Fewshot,0.0,0.0,0.0,False,0.1334856152534485,0.1334856152534485,True,False,False,False,True
p02989,Description_Reason,0.0,0.0,0.0,False,0.30082106590270996,0.30082106590270996,True,False,False,False,True
p02989,Description_Simple,0.0,0.5,0.25,False,0.09764650464057922,0.15235349535942078,True,False,False,False,True
p00002,Description_Fewshot,0.5,0.0,0.25,False,0.29040512442588806,0.04040512442588806,True,False,False,False,True
p00002,Description_Reason,0.0,0.0,0.0,False,0.5800453424453735,0.5800453424453735,False,False,True,False,False
p00002,Description_Simple,0.5,0.5,0.5,True,0.666318416595459,0.16631841659545898,True,True,True,True,False
p02255,Description_Fewshot,0.0,0.0,0.0,False,0.3061688542366028,0.3061688542366028,True,False,False,False,True
p02255,Description_Reason,0.5,0.5,0.5,True,0.5921878814697266,0.09218788146972656,True,True,True,True,False
p02255,Description_Simple,0.0,0.0,0.0,False,0.3511582314968109,0.3511582314968109,True,False,False,False,True
p02621,Description_Fewshot,0.0,0.0,0.0,False,0.09040342271327972,0.09040342271327972,True,False,False,False,True
p02621,Description_Reason,0.0,0.0,0.0,False,0.07307139784097672,0.07307139784097672,True,False,False,False,True
p02621,Description_Simple,0.0,0.0,0.0,False,0.14116355776786804,0.14116355776786804,True,False,False,False,True
p02953,Description_Fewshot,0.0,0.0,0.0,False,0.08571742475032806,0.08571742475032806,True,False,False,False,True
p02953,Description_Reason,0.0,0.0,0.0,False,0.1650710254907608,0.1650710254907608,True,False,False,False,True
p02953,Description_Simple,0.0,0.0,0.0,False,0.25431889295578003,0.25431889295578003,True,False,False,False,True
p03469,Description_Fewshot,0.0,0.0,0.0,False,0.31972330808639526,0.31972330808639526,True,False,False,False,True
p03469,Description_Reason,0.0,0.0,0.0,False,0.007397599518299103,0.007397599518299103,True,False,False,False,True
p03469,Description_Simple,0.0,0.0,0.0,False,-0.014502068050205708,0.014502068050205708,True,False,False,False,True
p04044,Description_Fewshot,0.0,0.0,0.0,False,0.18580782413482666,0.18580782413482666,True,False,False,False,True
p04044,Description_Reason,0.0,0.0,0.0,False,-0.040117282420396805,0.040117282420396805,True,False,False,False,True
p04044,Description_Simple,0.0,0.0,0.0,False,0.15131516754627228,0.15131516754627228,True,False,False,False,True
p02887,Description_Fewshot,0.0,0.0,0.0,False,0.3701527416706085,0.3701527416706085,True,False,False,False,True
p02887,Description_Reason,0.0,0.0,0.0,False,0.048252180218696594,0.048252180218696594,True,False,False,False,True
p02887,Description_Simple,0.0,0.0,0.0,False,0.10791867226362228,0.10791867226362228,True,False,False,False,True
p02777,Description_Fewshot,0.0,0.0,0.0,False,0.05334305763244629,0.05334305763244629,True,False,False,False,True
p02777,Description_Reason,0.0,0.0,0.0,False,0.13379299640655518,0.13379299640655518,True,False,False,False,True
p02777,Description_Simple,0.0,0.0,0.0,False,0.08548462390899658,0.08548462390899658,True,False,False,False,True
p02766,Description_Fewshot,0.0,0.0,0.0,False,0.21128466725349426,0.21128466725349426,True,False,False,False,True
p02766,Description_Reason,0.0,0.0,0.0,False,0.09942588210105896,0.09942588210105896,True,False,False,False,True
p02766,Description_Simple,0.0,0.0,0.0,False,0.15396751463413239,0.15396751463413239,True,False,False,False,True
p02987,Description_Fewshot,0.0,0.0,0.0,False,0.232769176363945,0.232769176363945,True,False,False,False,True
p02987,Description_Reason,0.0,0.0,0.0,False,0.10288989543914795,0.10288989543914795,True,False,False,False,True
p02987,Description_Simple,0.0,0.0,0.0,False,0.2762949764728546,0.2762949764728546,True,False,False,False,True
p03324,Description_Fewshot,0.0,0.0,0.0,False,0.1549776792526245,0.1549776792526245,True,False,False,False,True
p03324,Description_Reason,0.0,0.0,0.0,False,0.11199446022510529,0.11199446022510529,True,False,False,False,True
p03324,Description_Simple,0.0,0.0,0.0,False,0.17271868884563446,0.17271868884563446,True,False,False,False,True
p02922,Description_Fewshot,0.0,0.0,0.0,False,0.10333213210105896,0.10333213210105896,True,False,False,False,True
p02922,Description_Reason,0.0,0.0,0.0,False,0.24368372559547424,0.24368372559547424,True,False,False,False,True
p02922,Description_Simple,0.0,0.0,0.0,False,0.05065765976905823,0.05065765976905823,True,False,False,False,True
p02404,Description_Fewshot,0.0,0.0,0.0,False,0.23910990357398987,0.23910990357398987,True,False,False,False,True
p02404,Description_Reason,0.0,0.0,0.0,False,0.34473079442977905,0.34473079442977905,True,False,False,False,True
p02404,Description_Simple,0.0,0.0,0.0,False,0.24851688742637634,0.24851688742637634,True,False,False,False,True
p03075,Description_Fewshot,0.0,0.0,0.0,False,0.20091481506824493,0.20091481506824493,True,False,False,False,True
p03075,Description_Reason,0.0,0.0,0.0,False,0.19154351949691772,0.19154351949691772,True,False,False,False,True
p03075,Description_Simple,0.0,0.0,0.0,False,0.3839680850505829,0.3839680850505829,True,False,False,False,True
p03448,Description_Fewshot,0.0,0.0,0.0,False,0.0705215111374855,0.0705215111374855,True,False,False,False,True
p03448,Description_Reason,0.0,0.0,0.0,False,0.16449998319149017,0.16449998319149017,True,False,False,False,True
p03448,Description_Simple,0.5,0.5,0.5,True,0.23046357929706573,0.26953642070293427,False,True,False,False,False
p02829,Description_Fewshot,0.0,0.0,0.0,False,0.08753859996795654,0.08753859996795654,True,False,False,False,True
p02829,Description_Reason,0.0,0.0,0.0,False,0.48586469888687134,0.48586469888687134,True,False,False,False,True
p02829,Description_Simple,0.0,0.0,0.0,False,0.5636012554168701,0.5636012554168701,False,False,True,False,False
p03136,Description_Fewshot,0.0,0.0,0.0,False,0.14541086554527283,0.14541086554527283,True,False,False,False,True
p03136,Description_Reason,0.0,0.0,0.0,False,0.18823213875293732,0.18823213875293732,True,False,False,False,True
p03136,Description_Simple,0.0,0.0,0.0,False,0.08488593995571136,0.08488593995571136,True,False,False,False,True
p02983,Description_Fewshot,0.0,0.0,0.0,False,0.06448889523744583,0.06448889523744583,True,False,False,False,True
p02983,Description_Reason,0.0,0.0,0.0,False,0.009444743394851685,0.009444743394851685,True,False,False,False,True
p02983,Description_Simple,0.0,0.0,0.0,False,0.007348177023231983,0.007348177023231983,True,False,False,False,True
p03261,Description_Fewshot,0.0,0.0,0.0,False,0.3128761053085327,0.3128761053085327,True,False,False,False,True
p03261,Description_Reason,0.0,0.0,0.0,False,0.21501325070858002,0.21501325070858002,True,False,False,False,True
p03261,Description_Simple,0.0,0.0,0.0,False,0.19285917282104492,0.19285917282104492,True,False,False,False,True
p02831,Description_Fewshot,0.0,0.0,0.0,False,0.06016331911087036,0.06016331911087036,True,False,False,False,True
p02831,Description_Reason,0.0,0.0,0.0,False,0.23414355516433716,0.23414355516433716,True,False,False,False,True
p02831,Description_Simple,0.0,0.0,0.0,False,0.2006312757730484,0.2006312757730484,True,False,False,False,True
p03109,Description_Fewshot,0.0,0.5,0.25,False,0.1852494478225708,0.0647505521774292,True,False,False,False,True
p03109,Description_Reason,0.0,0.0,0.0,False,0.5690935850143433,0.5690935850143433,False,False,True,False,False
p03109,Description_Simple,0.0,0.0,0.0,False,0.6123849749565125,0.6123849749565125,False,False,True,False,False
p03775,Description_Fewshot,0.0,0.0,0.0,False,0.09940943121910095,0.09940943121910095,True,False,False,False,True
p03775,Description_Reason,0.5,0.0,0.25,False,0.09404491633176804,0.15595508366823196,True,False,False,False,True
p03775,Description_Simple,0.0,0.0,0.0,False,0.029873600229620934,0.029873600229620934,True,False,False,False,True
p03243,Description_Fewshot,0.0,0.0,0.0,False,0.22622710466384888,0.22622710466384888,True,False,False,False,True
p03243,Description_Reason,0.0,0.0,0.0,False,0.25407397747039795,0.25407397747039795,True,False,False,False,True
p03243,Description_Simple,0.0,0.0,0.0,False,0.27926287055015564,0.27926287055015564,True,False,False,False,True
p02723,Description_Fewshot,0.0,0.0,0.0,False,0.35744237899780273,0.35744237899780273,True,False,False,False,True
p02723,Description_Reason,0.0,0.0,0.0,False,0.11469186097383499,0.11469186097383499,True,False,False,False,True
p02723,Description_Simple,0.0,0.0,0.0,False,-0.010062330402433872,0.010062330402433872,True,False,False,False,True
p02917,Description_Fewshot,0.0,0.0,0.0,False,0.021749641746282578,0.021749641746282578,True,False,False,False,True
p02917,Description_Reason,0.0,0.0,0.0,False,0.27703922986984253,0.27703922986984253,True,False,False,False,True
p02917,Description_Simple,0.0,0.0,0.0,False,0.14185106754302979,0.14185106754302979,True,False,False,False,True
p03360,Description_Fewshot,0.0,0.0,0.0,False,0.052249398082494736,0.052249398082494736,True,False,False,False,True
p03360,Description_Reason,0.0,0.0,0.0,False,0.26459741592407227,0.26459741592407227,True,False,False,False,True
p03360,Description_Simple,0.0,0.0,0.0,False,0.3152698874473572,0.3152698874473572,True,False,False,False,True
p02707,Description_Fewshot,0.0,0.0,0.0,False,0.08092691004276276,0.08092691004276276,True,False,False,False,True
p02707,Description_Reason,0.0,0.0,0.0,False,0.2861088514328003,0.2861088514328003,True,False,False,False,True
p02707,Description_Simple,0.0,0.0,0.0,False,0.08639222383499146,0.08639222383499146,True,False,False,False,True
p02268,Description_Fewshot,0.0,0.0,0.0,False,0.026368703693151474,0.026368703693151474,True,False,False,False,True
p02268,Description_Reason,0.0,0.0,0.0,False,0.14038164913654327,0.14038164913654327,True,False,False,False,True
p02268,Description_Simple,0.0,0.0,0.0,False,-0.0485057607293129,0.0485057607293129,True,False,False,False,True
p02693,Description_Fewshot,0.0,0.0,0.0,False,0.1388338804244995,0.1388338804244995,True,False,False,False,True
p02693,Description_Reason,0.0,0.0,0.0,False,0.21112677454948425,0.21112677454948425,True,False,False,False,True
p02693,Description_Simple,0.0,0.0,0.0,False,-0.017655128613114357,0.017655128613114357,True,False,False,False,True
p02712,Description_Fewshot,0.0,0.0,0.0,False,0.12035045772790909,0.12035045772790909,True,False,False,False,True
p02712,Description_Reason,0.0,0.0,0.0,False,0.3234536945819855,0.3234536945819855,True,False,False,False,True
p02712,Description_Simple,0.0,0.0,0.0,False,0.18412429094314575,0.18412429094314575,True,False,False,False,True
p02405,Description_Fewshot,0.0,0.0,0.0,False,0.308608740568161,0.308608740568161,True,False,False,False,True
p02405,Description_Reason,0.0,0.0,0.0,False,0.0891931802034378,0.0891931802034378,True,False,False,False,True
p02405,Description_Simple,0.0,0.0,0.0,False,0.13552986085414886,0.13552986085414886,True,False,False,False,True
p02897,Description_Fewshot,0.0,0.0,0.0,False,0.23300519585609436,0.23300519585609436,True,False,False,False,True
p02897,Description_Reason,0.0,0.0,0.0,False,0.2522472143173218,0.2522472143173218,True,False,False,False,True
p02897,Description_Simple,0.0,0.0,0.0,False,0.10833565890789032,0.10833565890789032,True,False,False,False,True
p02419,Description_Fewshot,0.0,0.0,0.0,False,0.2664856016635895,0.2664856016635895,True,False,False,False,True
p02419,Description_Reason,0.0,0.0,0.0,False,0.3249337673187256,0.3249337673187256,True,False,False,False,True
p02419,Description_Simple,0.0,0.0,0.0,False,0.15824633836746216,0.15824633836746216,True,False,False,False,True
p04043,Description_Fewshot,0.0,0.0,0.0,False,0.24050843715667725,0.24050843715667725,True,False,False,False,True
p04043,Description_Reason,0.0,0.0,0.0,False,0.2872260510921478,0.2872260510921478,True,False,False,False,True
p04043,Description_Simple,0.0,0.0,0.0,False,0.3791894018650055,0.3791894018650055,True,False,False,False,True
p03073,Description_Fewshot,0.0,0.0,0.0,False,0.24650268256664276,0.24650268256664276,True,False,False,False,True
p03073,Description_Reason,0.0,0.0,0.0,False,0.26665711402893066,0.26665711402893066,True,False,False,False,True
p03073,Description_Simple,0.0,0.0,0.0,False,0.27031129598617554,0.27031129598617554,True,False,False,False,True
p02705,Description_Fewshot,0.0,0.0,0.0,False,0.23573744297027588,0.23573744297027588,True,False,False,False,True
p02705,Description_Reason,0.0,0.0,0.0,False,0.37332093715667725,0.37332093715667725,True,False,False,False,True
p02705,Description_Simple,0.0,0.0,0.0,False,0.13463521003723145,0.13463521003723145,True,False,False,False,True
p02880,Description_Fewshot,0.0,0.0,0.0,False,0.12004643678665161,0.12004643678665161,True,False,False,False,True
p02880,Description_Reason,0.0,0.0,0.0,False,0.45989784598350525,0.45989784598350525,True,False,False,False,True
p02880,Description_Simple,0.0,0.0,0.0,False,0.47682487964630127,0.47682487964630127,True,False,False,False,True
p02879,Description_Fewshot,0.0,0.0,0.0,False,0.03614865243434906,0.03614865243434906,True,False,False,False,True
p02879,Description_Reason,0.0,0.0,0.0,False,0.09670786559581757,0.09670786559581757,True,False,False,False,True
p02879,Description_Simple,0.0,0.0,0.0,False,0.11632859706878662,0.11632859706878662,True,False,False,False,True
p02771,Description_Fewshot,0.0,0.0,0.0,False,0.1754416674375534,0.1754416674375534,True,False,False,False,True
p02771,Description_Reason,0.0,0.0,0.0,False,0.5704194903373718,0.5704194903373718,False,False,True,False,False
p02771,Description_Simple,0.0,0.0,0.0,False,0.3332841098308563,0.3332841098308563,True,False,False,False,True
p02393,Description_Fewshot,0.0,0.0,0.0,False,0.3193519711494446,0.3193519711494446,True,False,False,False,True
p02393,Description_Reason,0.0,0.0,0.0,False,0.3555571138858795,0.3555571138858795,True,False,False,False,True
p02393,Description_Simple,0.0,0.0,0.0,False,0.5853477716445923,0.5853477716445923,False,False,True,False,False
p02916,Description_Fewshot,0.0,0.0,0.0,False,0.06879153847694397,0.06879153847694397,True,False,False,False,True
p02916,Description_Reason,0.0,0.0,0.0,False,0.22301501035690308,0.22301501035690308,True,False,False,False,True
p02916,Description_Simple,0.0,0.0,0.0,False,0.1881997287273407,0.1881997287273407,True,False,False,False,True
p03289,Description_Fewshot,0.0,0.0,0.0,False,0.2654886543750763,0.2654886543750763,True,False,False,False,True
p03289,Description_Reason,0.0,0.0,0.0,False,0.39217275381088257,0.39217275381088257,True,False,False,False,True
p03289,Description_Simple,0.0,0.0,0.0,False,0.16189523041248322,0.16189523041248322,True,False,False,False,True
p02622,Description_Fewshot,0.0,0.0,0.0,False,0.3852357864379883,0.3852357864379883,True,False,False,False,True
p02622,Description_Reason,0.0,0.0,0.0,False,0.30060237646102905,0.30060237646102905,True,False,False,False,True
p02622,Description_Simple,0.0,0.0,0.0,False,0.08756926655769348,0.08756926655769348,True,False,False,False,True
p02779,Description_Fewshot,0.0,0.0,0.0,False,0.35465896129608154,0.35465896129608154,True,False,False,False,True
p02779,Description_Reason,0.0,0.0,0.0,False,0.33660078048706055,0.33660078048706055,True,False,False,False,True
p02779,Description_Simple,0.0,0.0,0.0,False,0.011160548776388168,0.011160548776388168,True,False,False,False,True
p03315,Description_Fewshot,0.0,0.0,0.0,False,0.32974570989608765,0.32974570989608765,True,False,False,False,True
p03315,Description_Reason,0.0,0.0,0.0,False,0.16109390556812286,0.16109390556812286,True,False,False,False,True
p03315,Description_Simple,0.0,0.0,0.0,False,0.2193375676870346,0.2193375676870346,True,False,False,False,True
p02790,Description_Fewshot,0.0,0.0,0.0,False,0.28721386194229126,0.28721386194229126,True,False,False,False,True
p02790,Description_Reason,0.0,0.0,0.0,False,0.45344725251197815,0.45344725251197815,True,False,False,False,True
p02790,Description_Simple,0.0,0.0,0.0,False,0.2436550259590149,0.2436550259590149,True,False,False,False,True
p02935,Description_Fewshot,0.0,0.0,0.0,False,-0.010718791745603085,0.010718791745603085,True,False,False,False,True
p02935,Description_Reason,0.0,0.0,0.0,False,0.05696581304073334,0.05696581304073334,True,False,False,False,True
p02935,Description_Simple,0.0,0.0,0.0,False,-0.03246253728866577,0.03246253728866577,True,False,False,False,True
p02898,Description_Fewshot,0.0,0.0,0.0,False,0.0875306949019432,0.0875306949019432,True,False,False,False,True
p02898,Description_Reason,0.0,0.0,0.0,False,0.20793798565864563,0.20793798565864563,True,False,False,False,True
p02898,Description_Simple,0.0,0.0,0.0,False,0.283681720495224,0.283681720495224,True,False,False,False,True
p02402,Description_Fewshot,0.0,0.0,0.0,False,0.12897159159183502,0.12897159159183502,True,False,False,False,True
p02402,Description_Reason,0.0,0.0,0.0,False,0.2626957893371582,0.2626957893371582,True,False,False,False,True
p02402,Description_Simple,0.0,0.0,0.0,False,0.44148704409599304,0.44148704409599304,True,False,False,False,True
p03086,Description_Fewshot,0.0,0.0,0.0,False,0.25813186168670654,0.25813186168670654,True,False,False,False,True
p03086,Description_Reason,0.0,0.0,0.0,False,0.5498173832893372,0.5498173832893372,False,False,True,False,False
p03086,Description_Simple,0.0,0.0,0.0,False,0.3741493821144104,0.3741493821144104,True,False,False,False,True
p03471,Description_Fewshot,0.0,0.0,0.0,False,0.09989196062088013,0.09989196062088013,True,False,False,False,True
p03471,Description_Reason,0.0,0.0,0.0,False,0.20059937238693237,0.20059937238693237,True,False,False,False,True
p03471,Description_Simple,0.0,0.0,0.0,False,0.10454180091619492,0.10454180091619492,True,False,False,False,True
p03000,Description_Fewshot,0.0,0.0,0.0,False,0.04559260234236717,0.04559260234236717,True,False,False,False,True
p03000,Description_Reason,0.0,0.0,0.0,False,0.18862253427505493,0.18862253427505493,True,False,False,False,True
p03000,Description_Simple,0.0,0.0,0.0,False,0.025523442775011063,0.025523442775011063,True,False,False,False,True
p03220,Description_Fewshot,0.0,0.0,0.0,False,0.11446406692266464,0.11446406692266464,True,False,False,False,True
p03220,Description_Reason,0.0,0.0,0.0,False,0.2896445691585541,0.2896445691585541,True,False,False,False,True
p03220,Description_Simple,0.0,0.0,0.0,False,0.14753060042858124,0.14753060042858124,True,False,False,False,True
p03043,Description_Fewshot,0.0,0.0,0.0,False,0.16431725025177002,0.16431725025177002,True,False,False,False,True
p03043,Description_Reason,0.0,0.0,0.0,False,0.3625282645225525,0.3625282645225525,True,False,False,False,True
p03043,Description_Simple,0.0,0.0,0.0,False,0.3559921383857727,0.3559921383857727,True,False,False,False,True
p02675,Description_Fewshot,0.0,0.0,0.0,False,0.2688327431678772,0.2688327431678772,True,False,False,False,True
p02675,Description_Reason,0.0,0.0,0.0,False,0.4160495400428772,0.4160495400428772,True,False,False,False,True
p02675,Description_Simple,0.0,0.0,0.0,False,0.3231745958328247,0.3231745958328247,True,False,False,False,True
p02995,Description_Fewshot,0.0,0.0,0.0,False,0.13312982022762299,0.13312982022762299,True,False,False,False,True
p02995,Description_Reason,0.0,0.0,0.0,False,0.18343596160411835,0.18343596160411835,True,False,False,False,True
p02995,Description_Simple,0.0,0.0,0.0,False,0.1408349573612213,0.1408349573612213,True,False,False,False,True
p02418,Description_Fewshot,0.0,0.0,0.0,False,0.2885797619819641,0.2885797619819641,True,False,False,False,True
p02418,Description_Reason,0.0,0.0,0.0,False,0.3579134941101074,0.3579134941101074,True,False,False,False,True
p02418,Description_Simple,0.0,0.0,0.0,False,0.45042383670806885,0.45042383670806885,True,False,False,False,True
p02676,Description_Fewshot,0.0,0.0,0.0,False,0.28051310777664185,0.28051310777664185,True,False,False,False,True
p02676,Description_Reason,0.0,0.0,0.0,False,0.04875140264630318,0.04875140264630318,True,False,False,False,True
p02676,Description_Simple,0.0,0.0,0.0,False,-0.07869349420070648,0.07869349420070648,True,False,False,False,True
p03035,Description_Fewshot,0.0,0.0,0.0,False,0.04541148990392685,0.04541148990392685,True,False,False,False,True
p03035,Description_Reason,0.0,0.0,0.0,False,0.040416449308395386,0.040416449308395386,True,False,False,False,True
p03035,Description_Simple,0.0,0.0,0.0,False,0.14747241139411926,0.14747241139411926,True,False,False,False,True
p02785,Description_Fewshot,0.0,0.0,0.0,False,0.16659307479858398,0.16659307479858398,True,False,False,False,True
p02785,Description_Reason,0.0,0.0,0.0,False,0.18309466540813446,0.18309466540813446,True,False,False,False,True
p02785,Description_Simple,0.0,0.0,0.0,False,0.08754377067089081,0.08754377067089081,True,False,False,False,True
p04030,Description_Fewshot,0.0,0.0,0.0,False,0.33726638555526733,0.33726638555526733,True,False,False,False,True
p04030,Description_Reason,0.0,0.0,0.0,False,0.29361486434936523,0.29361486434936523,True,False,False,False,True
p04030,Description_Simple,0.0,0.0,0.0,False,0.2792976498603821,0.2792976498603821,True,False,False,False,True
p02753,Description_Fewshot,0.0,0.0,0.0,False,0.30780792236328125,0.30780792236328125,True,False,False,False,True
p02753,Description_Reason,0.0,0.0,0.0,False,0.4075242877006531,0.4075242877006531,True,False,False,False,True
p02753,Description_Simple,0.0,0.0,0.0,False,0.10809554159641266,0.10809554159641266,True,False,False,False,True
p02886,Description_Fewshot,0.0,0.0,0.0,False,0.024053890258073807,0.024053890258073807,True,False,False,False,True
p02886,Description_Reason,0.0,0.0,0.0,False,0.05621796101331711,0.05621796101331711,True,False,False,False,True
p02886,Description_Simple,0.0,0.0,0.0,False,0.020372111350297928,0.020372111350297928,True,False,False,False,True
p02860,Description_Fewshot,0.0,0.0,0.0,False,0.29801446199417114,0.29801446199417114,True,False,False,False,True
p02860,Description_Reason,0.0,0.0,0.0,False,0.1292959600687027,0.1292959600687027,True,False,False,False,True
p02860,Description_Simple,0.0,0.0,0.0,False,0.05646790564060211,0.05646790564060211,True,False,False,False,True
p02946,Description_Fewshot,0.0,0.0,0.0,False,0.22210651636123657,0.22210651636123657,True,False,False,False,True
p02946,Description_Reason,0.0,0.0,0.0,False,0.16914242506027222,0.16914242506027222,True,False,False,False,True
p02946,Description_Simple,0.0,0.0,0.0,False,-0.02406051754951477,0.02406051754951477,True,False,False,False,True
p03012,Description_Fewshot,0.0,0.0,0.0,False,0.0015468467026948929,0.0015468467026948929,True,False,False,False,True
p03012,Description_Reason,0.0,0.0,0.0,False,0.06231287494301796,0.06231287494301796,True,False,False,False,True
p03012,Description_Simple,0.0,0.0,0.0,False,-0.017785120755434036,0.017785120755434036,True,False,False,False,True
p03239,Description_Fewshot,0.0,0.0,0.0,False,0.009766521863639355,0.009766521863639355,True,False,False,False,True
p03239,Description_Reason,0.0,0.0,0.0,False,0.007460061460733414,0.007460061460733414,True,False,False,False,True
p03239,Description_Simple,0.0,0.0,0.0,False,0.049691665917634964,0.049691665917634964,True,False,False,False,True
p02682,Description_Fewshot,0.0,0.0,0.0,False,0.07503561675548553,0.07503561675548553,True,False,False,False,True
p02682,Description_Reason,0.0,0.0,0.0,False,0.4008660316467285,0.4008660316467285,True,False,False,False,True
p02682,Description_Simple,0.0,0.0,0.0,False,0.2329070270061493,0.2329070270061493,True,False,False,False,True
p02706,Description_Fewshot,0.0,0.0,0.0,False,0.058301426470279694,0.058301426470279694,True,False,False,False,True
p02706,Description_Reason,0.0,0.0,0.0,False,0.2516636848449707,0.2516636848449707,True,False,False,False,True
p02706,Description_Simple,0.0,0.0,0.0,False,0.11867181956768036,0.11867181956768036,True,False,False,False,True
p02413,Description_Fewshot,0.0,0.0,0.0,False,0.09542527049779892,0.09542527049779892,True,False,False,False,True
p02413,Description_Reason,0.0,0.0,0.0,False,0.6817105412483215,0.6817105412483215,False,False,True,False,False
p02413,Description_Simple,0.0,0.0,0.0,False,0.30096107721328735,0.30096107721328735,True,False,False,False,True
p02832,Description_Fewshot,0.0,0.0,0.0,False,0.16152453422546387,0.16152453422546387,True,False,False,False,True
p02832,Description_Reason,0.0,0.0,0.0,False,0.21901218593120575,0.21901218593120575,True,False,False,False,True
p02832,Description_Simple,0.0,0.0,0.0,False,0.2326602190732956,0.2326602190732956,True,False,False,False,True
p03493,Description_Fewshot,0.0,0.0,0.0,False,0.3016369640827179,0.3016369640827179,True,False,False,False,True
p03493,Description_Reason,0.0,0.0,0.0,False,0.1207493394613266,0.1207493394613266,True,False,False,False,True
p03493,Description_Simple,0.0,0.0,0.0,False,0.13014385104179382,0.13014385104179382,True,False,False,False,True
p00005,Description_Fewshot,0.5,0.0,0.25,False,0.14947515726089478,0.10052484273910522,True,False,False,False,True
p00005,Description_Reason,0.0,0.0,0.0,False,0.6888505220413208,0.6888505220413208,False,False,True,False,False
p00005,Description_Simple,0.0,0.5,0.25,False,0.7406561374664307,0.49065613746643066,False,False,True,False,False
p02947,Description_Fewshot,0.0,0.0,0.0,False,0.21700292825698853,0.21700292825698853,True,False,False,False,True
p02947,Description_Reason,0.0,0.0,0.0,False,0.30176064372062683,0.30176064372062683,True,False,False,False,True
p02947,Description_Simple,0.0,0.0,0.0,False,0.0496259480714798,0.0496259480714798,True,False,False,False,True
p03720,Description_Fewshot,0.0,0.5,0.25,False,0.048441458493471146,0.20155854150652885,True,False,False,False,True
p03720,Description_Reason,0.5,0.0,0.25,False,0.11978635936975479,0.1302136406302452,True,False,False,False,True
p03720,Description_Simple,0.0,0.0,0.0,False,0.06741495430469513,0.06741495430469513,True,False,False,False,True
p03814,Description_Fewshot,0.0,0.0,0.0,False,0.3802868723869324,0.3802868723869324,True,False,False,False,True
p03814,Description_Reason,0.0,0.0,0.0,False,0.2008611112833023,0.2008611112833023,True,False,False,False,True
p03814,Description_Simple,0.0,0.0,0.0,False,-0.03738349676132202,0.03738349676132202,True,False,False,False,True
p04012,Description_Fewshot,0.0,0.0,0.0,False,0.3261738717556,0.3261738717556,True,False,False,False,True
p04012,Description_Reason,0.0,0.0,0.0,False,0.4399879276752472,0.4399879276752472,True,False,False,False,True
p04012,Description_Simple,0.0,0.0,0.0,False,0.2851049304008484,0.2851049304008484,True,False,False,False,True
p02640,Description_Fewshot,0.0,0.0,0.0,False,0.03365057334303856,0.03365057334303856,True,False,False,False,True
p02640,Description_Reason,0.0,0.0,0.0,False,0.23352795839309692,0.23352795839309692,True,False,False,False,True
p02640,Description_Simple,0.0,0.0,0.0,False,0.20504222810268402,0.20504222810268402,True,False,False,False,True
p02582,Description_Fewshot,0.0,0.0,0.0,False,0.2684100270271301,0.2684100270271301,True,False,False,False,True
p02582,Description_Reason,0.0,0.0,0.0,False,0.24570170044898987,0.24570170044898987,True,False,False,False,True
p02582,Description_Simple,0.0,0.0,0.0,False,0.2572357654571533,0.2572357654571533,True,False,False,False,True
p03161,Description_Fewshot,0.0,0.0,0.0,False,0.0676608458161354,0.0676608458161354,True,False,False,False,True
p03161,Description_Reason,0.0,0.0,0.0,False,0.18368078768253326,0.18368078768253326,True,False,False,False,True
p03161,Description_Simple,0.0,0.0,0.0,False,0.06786799430847168,0.06786799430847168,True,False,False,False,True
p03478,Description_Fewshot,0.0,0.0,0.0,False,0.04593629762530327,0.04593629762530327,True,False,False,False,True
p03478,Description_Reason,0.0,0.0,0.0,False,0.2614477574825287,0.2614477574825287,True,False,False,False,True
p03478,Description_Simple,0.0,0.0,0.0,False,0.06553594768047333,0.06553594768047333,True,False,False,False,True
p03147,Description_Fewshot,0.0,0.0,0.0,False,0.10451598465442657,0.10451598465442657,True,False,False,False,True
p03147,Description_Reason,0.0,0.0,0.0,False,0.14471517503261566,0.14471517503261566,True,False,False,False,True
p03147,Description_Simple,0.0,0.0,0.0,False,0.02292771264910698,0.02292771264910698,True,False,False,False,True
p02421,Description_Fewshot,0.0,0.0,0.0,False,0.27335160970687866,0.27335160970687866,True,False,False,False,True
p02421,Description_Reason,0.0,0.0,0.0,False,0.30682456493377686,0.30682456493377686,True,False,False,False,True
p02421,Description_Simple,0.0,0.0,0.0,False,0.346829891204834,0.346829891204834,True,False,False,False,True
p03370,Description_Fewshot,0.0,0.0,0.0,False,-0.01882929541170597,0.01882929541170597,True,False,False,False,True
p03370,Description_Reason,0.0,0.0,0.0,False,0.26503464579582214,0.26503464579582214,True,False,False,False,True
p03370,Description_Simple,0.0,0.0,0.0,False,0.3323916792869568,0.3323916792869568,True,False,False,False,True
p02677,Description_Fewshot,0.0,0.0,0.0,False,-0.02332322485744953,0.02332322485744953,True,False,False,False,True
p02677,Description_Reason,0.0,0.0,0.0,False,0.5192257761955261,0.5192257761955261,False,False,True,False,False
p02677,Description_Simple,0.0,0.0,0.0,False,0.5579596757888794,0.5579596757888794,False,False,True,False,False
p02264,Description_Fewshot,0.0,0.0,0.0,False,0.10897117853164673,0.10897117853164673,True,False,False,False,True
p02264,Description_Reason,0.0,0.0,0.0,False,0.17435377836227417,0.17435377836227417,True,False,False,False,True
p02264,Description_Simple,0.0,0.0,0.0,False,0.22396960854530334,0.22396960854530334,True,False,False,False,True
p03470,Description_Fewshot,0.0,0.0,0.0,False,0.13698925077915192,0.13698925077915192,True,False,False,False,True
p03470,Description_Reason,0.0,0.0,0.0,False,0.08488865941762924,0.08488865941762924,True,False,False,False,True
p03470,Description_Simple,0.0,0.0,0.0,False,0.05485253036022186,0.05485253036022186,True,False,False,False,True
p02730,Description_Fewshot,0.0,0.0,0.0,False,0.3728012442588806,0.3728012442588806,True,False,False,False,True
p02730,Description_Reason,0.0,0.0,0.0,False,0.45154592394828796,0.45154592394828796,True,False,False,False,True
p02730,Description_Simple,0.0,0.0,0.0,False,0.39446935057640076,0.39446935057640076,True,False,False,False,True
p02725,Description_Fewshot,0.0,0.0,0.0,False,0.044839438050985336,0.044839438050985336,True,False,False,False,True
p02725,Description_Reason,0.0,0.0,0.0,False,0.09081628173589706,0.09081628173589706,True,False,False,False,True
p02725,Description_Simple,0.0,0.0,0.0,False,0.0036745471879839897,0.0036745471879839897,True,False,False,False,True
p02412,Description_Fewshot,0.0,0.0,0.0,False,0.11882883310317993,0.11882883310317993,True,False,False,False,True
p02412,Description_Reason,0.0,0.0,0.0,False,0.28482869267463684,0.28482869267463684,True,False,False,False,True
p02412,Description_Simple,0.0,0.0,0.0,False,0.44301265478134155,0.44301265478134155,True,False,False,False,True
p03071,Description_Fewshot,0.0,0.0,0.0,False,0.03466993570327759,0.03466993570327759,True,False,False,False,True
p03071,Description_Reason,0.0,0.0,0.0,False,0.12815392017364502,0.12815392017364502,True,False,False,False,True
p03071,Description_Simple,0.0,0.0,0.0,False,0.08727127313613892,0.08727127313613892,True,False,False,False,True
p03160,Description_Fewshot,0.0,0.0,0.0,False,0.06425676494836807,0.06425676494836807,True,False,False,False,True
p03160,Description_Reason,0.0,0.0,0.0,False,0.2725430130958557,0.2725430130958557,True,False,False,False,True
p03160,Description_Simple,0.0,0.0,0.0,False,0.023239288479089737,0.023239288479089737,True,False,False,False,True
p02612,Description_Fewshot,0.0,0.0,0.0,False,0.08869138360023499,0.08869138360023499,True,False,False,False,True
p02612,Description_Reason,0.0,0.0,0.0,False,0.25076553225517273,0.25076553225517273,True,False,False,False,True
p02612,Description_Simple,0.0,0.0,0.0,False,0.24662375450134277,0.24662375450134277,True,False,False,False,True
p02835,Description_Fewshot,0.0,0.0,0.0,False,0.18632033467292786,0.18632033467292786,True,False,False,False,True
p02835,Description_Reason,0.0,0.0,0.0,False,0.41578203439712524,0.41578203439712524,True,False,False,False,True
p02835,Description_Simple,0.0,0.0,0.0,False,0.15469521284103394,0.15469521284103394,True,False,False,False,True
p03285,Description_Fewshot,0.0,0.0,0.0,False,0.11924174427986145,0.11924174427986145,True,False,False,False,True
p03285,Description_Reason,0.0,0.0,0.0,False,0.2744881510734558,0.2744881510734558,True,False,False,False,True
p03285,Description_Simple,0.0,0.0,0.0,False,0.23355278372764587,0.23355278372764587,True,False,False,False,True
p03292,Description_Fewshot,0.0,0.0,0.0,False,0.07551904022693634,0.07551904022693634,True,False,False,False,True
p03292,Description_Reason,0.0,0.0,0.0,False,0.2692165970802307,0.2692165970802307,True,False,False,False,True
p03292,Description_Simple,0.0,0.0,0.0,False,0.09670719504356384,0.09670719504356384,True,False,False,False,True
p02713,Description_Fewshot,0.0,0.0,0.0,False,-0.042265284806489944,0.042265284806489944,True,False,False,False,True
p02713,Description_Reason,0.0,0.0,0.0,False,0.10541633516550064,0.10541633516550064,True,False,False,False,True
p02713,Description_Simple,0.0,0.0,0.0,False,0.27090972661972046,0.27090972661972046,True,False,False,False,True
p02699,Description_Fewshot,0.0,0.0,0.0,False,0.25778692960739136,0.25778692960739136,True,False,False,False,True
p02699,Description_Reason,0.0,0.0,0.0,False,0.2662002444267273,0.2662002444267273,True,False,False,False,True
p02699,Description_Simple,0.0,0.0,0.0,False,-0.014031978324055672,0.014031978324055672,True,False,False,False,True
p02759,Description_Fewshot,0.0,0.0,0.0,False,0.12088997662067413,0.12088997662067413,True,False,False,False,True
p02759,Description_Reason,0.0,0.0,0.0,False,0.10774226486682892,0.10774226486682892,True,False,False,False,True
p02759,Description_Simple,0.0,0.0,0.0,False,0.09481614828109741,0.09481614828109741,True,False,False,False,True
p02641,Description_Fewshot,0.0,0.0,0.0,False,0.1299443244934082,0.1299443244934082,True,False,False,False,True
p02641,Description_Reason,0.0,0.0,0.0,False,0.2370496243238449,0.2370496243238449,True,False,False,False,True
p02641,Description_Simple,0.0,0.0,0.0,False,0.3039078414440155,0.3039078414440155,True,False,False,False,True
p03087,Description_Fewshot,0.0,0.0,0.0,False,0.35035833716392517,0.35035833716392517,True,False,False,False,True
p03087,Description_Reason,0.0,0.0,0.0,False,0.3010556697845459,0.3010556697845459,True,False,False,False,True
p03087,Description_Simple,0.0,0.0,0.0,False,0.4955521523952484,0.4955521523952484,True,False,False,False,True
p02629,Description_Fewshot,0.0,0.0,0.0,False,0.3456059694290161,0.3456059694290161,True,False,False,False,True
p02629,Description_Reason,0.0,0.0,0.0,False,0.4236551523208618,0.4236551523208618,True,False,False,False,True
p02629,Description_Simple,0.0,0.0,0.0,False,0.2965354919433594,0.2965354919433594,True,False,False,False,True
p03242,Description_Fewshot,0.0,0.0,0.0,False,0.37535786628723145,0.37535786628723145,True,False,False,False,True
p03242,Description_Reason,0.0,0.0,0.0,False,0.09807465970516205,0.09807465970516205,True,False,False,False,True
p03242,Description_Simple,0.0,0.0,0.0,False,0.05590946972370148,0.05590946972370148,True,False,False,False,True
p02571,Description_Fewshot,0.0,0.0,0.0,False,0.23522579669952393,0.23522579669952393,True,False,False,False,True
p02571,Description_Reason,0.0,0.0,0.0,False,0.4987754821777344,0.4987754821777344,True,False,False,False,True
p02571,Description_Simple,0.0,0.0,0.0,False,-0.026554197072982788,0.026554197072982788,True,False,False,False,True
p02836,Description_Fewshot,0.0,0.0,0.0,False,0.35117894411087036,0.35117894411087036,True,False,False,False,True
p02836,Description_Reason,0.0,0.0,0.0,False,0.21425020694732666,0.21425020694732666,True,False,False,False,True
p02836,Description_Simple,0.0,0.0,0.0,False,0.14087529480457306,0.14087529480457306,True,False,False,False,True
p02773,Description_Fewshot,0.0,0.0,0.0,False,0.22747647762298584,0.22747647762298584,True,False,False,False,True
p02773,Description_Reason,0.0,0.0,0.0,False,0.21226736903190613,0.21226736903190613,True,False,False,False,True
p02773,Description_Simple,0.0,0.0,0.0,False,0.2964578866958618,0.2964578866958618,True,False,False,False,True
p02613,Description_Fewshot,0.0,0.0,0.0,False,0.1971619725227356,0.1971619725227356,True,False,False,False,True
p02613,Description_Reason,0.0,0.0,0.0,False,0.2829340696334839,0.2829340696334839,True,False,False,False,True
p02613,Description_Simple,0.0,0.0,0.0,False,0.15438468754291534,0.15438468754291534,True,False,False,False,True
p02783,Description_Fewshot,0.0,0.0,0.0,False,0.0043178945779800415,0.0043178945779800415,True,False,False,False,True
p02783,Description_Reason,0.0,0.0,0.0,False,0.15419836342334747,0.15419836342334747,True,False,False,False,True
p02783,Description_Simple,0.0,0.0,0.0,False,0.02648134157061577,0.02648134157061577,True,False,False,False,True
p02802,Description_Fewshot,0.0,0.0,0.0,False,-0.028917420655488968,0.028917420655488968,True,False,False,False,True
p02802,Description_Reason,0.0,0.0,0.0,False,0.04712839424610138,0.04712839424610138,True,False,False,False,True
p02802,Description_Simple,0.0,0.0,0.0,False,0.07729621976613998,0.07729621976613998,True,False,False,False,True
p03072,Description_Fewshot,0.0,0.0,0.0,False,0.06583327800035477,0.06583327800035477,True,False,False,False,True
p03072,Description_Reason,0.0,0.0,0.0,False,0.24638450145721436,0.24638450145721436,True,False,False,False,True
p03072,Description_Simple,0.0,0.0,0.0,False,0.10990354418754578,0.10990354418754578,True,False,False,False,True
p02381,Description_Fewshot,0.0,0.0,0.0,False,0.11198350042104721,0.11198350042104721,True,False,False,False,True
p02381,Description_Reason,0.0,0.0,0.0,False,0.634533166885376,0.634533166885376,False,False,True,False,False
p02381,Description_Simple,0.0,0.5,0.25,False,0.6505892276763916,0.4005892276763916,False,False,True,False,False
p03680,Description_Fewshot,0.0,0.0,0.0,False,0.11322379112243652,0.11322379112243652,True,False,False,False,True
p03680,Description_Reason,0.5,0.0,0.25,False,0.21088790893554688,0.039112091064453125,True,False,False,False,True
p03680,Description_Simple,0.0,0.0,0.0,False,0.010790003463625908,0.010790003463625908,True,False,False,False,True
p02256,Description_Fewshot,0.0,0.0,0.0,False,0.16456516087055206,0.16456516087055206,True,False,False,False,True
p02256,Description_Reason,0.0,0.0,0.0,False,0.23205654323101044,0.23205654323101044,True,False,False,False,True
p02256,Description_Simple,0.0,0.0,0.0,False,0.24302750825881958,0.24302750825881958,True,False,False,False,True
p02957,Description_Fewshot,0.0,0.0,0.0,False,0.12288132309913635,0.12288132309913635,True,False,False,False,True
p02957,Description_Reason,0.0,0.0,0.0,False,0.07519322633743286,0.07519322633743286,True,False,False,False,True
p02957,Description_Simple,0.0,0.0,0.0,False,0.16777241230010986,0.16777241230010986,True,False,False,False,True
p02577,Description_Fewshot,0.0,0.0,0.0,False,0.1502118855714798,0.1502118855714798,True,False,False,False,True
p02577,Description_Reason,0.0,0.0,0.0,False,0.11927831172943115,0.11927831172943115,True,False,False,False,True
p02577,Description_Simple,0.0,0.0,0.0,False,0.16286221146583557,0.16286221146583557,True,False,False,False,True
p02258,Description_Fewshot,0.0,0.0,0.0,False,0.06710271537303925,0.06710271537303925,True,False,False,False,True
p02258,Description_Reason,0.0,0.0,0.0,False,0.25063851475715637,0.25063851475715637,True,False,False,False,True
p02258,Description_Simple,0.0,0.0,0.0,False,0.2392609417438507,0.2392609417438507,True,False,False,False,True
p02595,Description_Fewshot,0.0,0.0,0.0,False,0.0020398087799549103,0.0020398087799549103,True,False,False,False,True
p02595,Description_Reason,0.0,0.0,0.0,False,0.05949130654335022,0.05949130654335022,True,False,False,False,True
p02595,Description_Simple,0.0,0.0,0.0,False,0.02677830681204796,0.02677830681204796,True,False,False,False,True
p02881,Description_Fewshot,0.0,0.0,0.0,False,0.09635747969150543,0.09635747969150543,True,False,False,False,True
p02881,Description_Reason,0.0,0.0,0.0,False,0.29223641753196716,0.29223641753196716,True,False,False,False,True
p02881,Description_Simple,0.0,0.0,0.0,False,-3.985688090324402e-05,3.985688090324402e-05,True,False,False,False,True
p02694,Description_Fewshot,0.0,0.0,0.0,False,0.09167931973934174,0.09167931973934174,True,False,False,False,True
p02694,Description_Reason,0.0,0.0,0.0,False,0.11495069414377213,0.11495069414377213,True,False,False,False,True
p02694,Description_Simple,0.0,0.0,0.0,False,0.17524096369743347,0.17524096369743347,True,False,False,False,True
p03371,Description_Fewshot,0.0,0.0,0.0,False,0.06986183673143387,0.06986183673143387,True,False,False,False,True
p03371,Description_Reason,0.0,0.0,0.0,False,0.20517589151859283,0.20517589151859283,True,False,False,False,True
p03371,Description_Simple,0.0,0.0,0.0,False,0.26412469148635864,0.26412469148635864,True,False,False,False,True
p03013,Description_Fewshot,0.0,0.0,0.0,False,0.1395990252494812,0.1395990252494812,True,False,False,False,True
p03013,Description_Reason,0.0,0.0,0.0,False,0.23743195831775665,0.23743195831775665,True,False,False,False,True
p03013,Description_Simple,0.0,0.0,0.0,False,0.16964341700077057,0.16964341700077057,True,False,False,False,True
p02719,Description_Fewshot,0.0,0.0,0.0,False,0.10097284615039825,0.10097284615039825,True,False,False,False,True
p02719,Description_Reason,0.0,0.0,0.0,False,0.3269045352935791,0.3269045352935791,True,False,False,False,True
p02719,Description_Simple,0.0,0.0,0.0,False,0.044572483748197556,0.044572483748197556,True,False,False,False,True
p02658,Description_Fewshot,0.0,0.0,0.0,False,0.033856943249702454,0.033856943249702454,True,False,False,False,True
p02658,Description_Reason,0.0,0.0,0.0,False,0.25494205951690674,0.25494205951690674,True,False,False,False,True
p02658,Description_Simple,0.0,0.0,0.0,False,0.08103993535041809,0.08103993535041809,True,False,False,False,True
p03037,Description_Fewshot,0.0,0.0,0.0,False,0.09110357612371445,0.09110357612371445,True,False,False,False,True
p03037,Description_Reason,0.0,0.0,0.0,False,0.20909959077835083,0.20909959077835083,True,False,False,False,True
p03037,Description_Simple,0.0,0.0,0.0,False,0.1980646848678589,0.1980646848678589,True,False,False,False,True
p03308,Description_Fewshot,0.0,0.0,0.0,False,0.04935675486922264,0.04935675486922264,True,False,False,False,True
p03308,Description_Reason,0.0,0.0,0.0,False,0.17040149867534637,0.17040149867534637,True,False,False,False,True
p03308,Description_Simple,0.0,0.0,0.0,False,0.12023384869098663,0.12023384869098663,True,False,False,False,True
p02406,Description_Fewshot,0.0,0.0,0.0,False,0.3033044934272766,0.3033044934272766,True,False,False,False,True
p02406,Description_Reason,0.0,0.0,0.0,False,0.26883745193481445,0.26883745193481445,True,False,False,False,True
p02406,Description_Simple,0.0,0.0,0.0,False,0.41684049367904663,0.41684049367904663,True,False,False,False,True
p02417,Description_Fewshot,0.0,0.0,0.0,False,0.32888180017471313,0.32888180017471313,True,False,False,False,True
p02417,Description_Reason,0.0,0.0,0.0,False,0.4174681305885315,0.4174681305885315,True,False,False,False,True
p02417,Description_Simple,0.0,0.0,0.0,False,0.5416473746299744,0.5416473746299744,False,False,True,False,False
p03434,Description_Fewshot,0.0,0.0,0.0,False,0.2126920074224472,0.2126920074224472,True,False,False,False,True
p03434,Description_Reason,0.0,0.0,0.0,False,0.23915691673755646,0.23915691673755646,True,False,False,False,True
p03434,Description_Simple,0.0,0.0,0.0,False,0.07562962919473648,0.07562962919473648,True,False,False,False,True
p02951,Description_Fewshot,0.0,0.0,0.0,False,-0.004535974003374577,0.004535974003374577,True,False,False,False,True
p02951,Description_Reason,0.0,0.0,0.0,False,0.06808698922395706,0.06808698922395706,True,False,False,False,True
p02951,Description_Simple,0.0,0.0,0.0,False,0.019336342811584473,0.019336342811584473,True,False,False,False,True
p02260,Description_Fewshot,0.0,0.0,0.0,False,0.3073510229587555,0.3073510229587555,True,False,False,False,True
p02260,Description_Reason,0.0,0.0,0.0,False,0.29297906160354614,0.29297906160354614,True,False,False,False,True
p02260,Description_Simple,0.0,0.0,0.0,False,0.24164459109306335,0.24164459109306335,True,False,False,False,True
p03126,Description_Fewshot,0.0,0.0,0.0,False,0.08563603460788727,0.08563603460788727,True,False,False,False,True
p03126,Description_Reason,0.0,0.0,0.0,False,0.11962050199508667,0.11962050199508667,True,False,False,False,True
p03126,Description_Simple,0.0,0.0,0.0,False,0.13431237637996674,0.13431237637996674,True,False,False,False,True
p02390,Description_Fewshot,0.0,0.0,0.0,False,0.23690372705459595,0.23690372705459595,True,False,False,False,True
p02390,Description_Reason,0.0,0.0,0.0,False,0.27048367261886597,0.27048367261886597,True,False,False,False,True
p02390,Description_Simple,0.0,0.0,0.0,False,0.30121833086013794,0.30121833086013794,True,False,False,False,True
p02952,Description_Fewshot,0.0,0.0,0.0,False,0.3403703272342682,0.3403703272342682,True,False,False,False,True
p02952,Description_Reason,0.0,0.0,0.0,False,0.17770016193389893,0.17770016193389893,True,False,False,False,True
p02952,Description_Simple,0.0,0.0,0.0,False,0.09507741034030914,0.09507741034030914,True,False,False,False,True
p02687,Description_Fewshot,0.0,0.0,0.0,False,0.14182887971401215,0.14182887971401215,True,False,False,False,True
p02687,Description_Reason,0.0,0.0,0.0,False,0.09143752604722977,0.09143752604722977,True,False,False,False,True
p02687,Description_Simple,0.0,0.0,0.0,False,0.16122041642665863,0.16122041642665863,True,False,False,False,True
p02717,Description_Fewshot,0.0,0.0,0.0,False,0.29120922088623047,0.29120922088623047,True,False,False,False,True
p02717,Description_Reason,0.0,0.0,0.0,False,0.15112534165382385,0.15112534165382385,True,False,False,False,True
p02717,Description_Simple,0.0,0.0,0.0,False,0.1097889244556427,0.1097889244556427,True,False,False,False,True
p03474,Description_Fewshot,0.0,0.0,0.0,False,0.2532604932785034,0.2532604932785034,True,False,False,False,True
p03474,Description_Reason,0.0,0.0,0.0,False,0.36834007501602173,0.36834007501602173,True,False,False,False,True
p03474,Description_Simple,0.0,0.0,0.0,False,0.2863302230834961,0.2863302230834961,True,False,False,False,True
p02934,Description_Fewshot,0.0,0.0,0.0,False,0.2368655502796173,0.2368655502796173,True,False,False,False,True
p02934,Description_Reason,0.0,0.0,0.0,False,0.14200840890407562,0.14200840890407562,True,False,False,False,True
p02934,Description_Simple,0.0,0.0,0.0,False,0.1100025400519371,0.1100025400519371,True,False,False,False,True
p02257,Description_Fewshot,0.0,0.0,0.0,False,0.34606754779815674,0.34606754779815674,True,False,False,False,True
p02257,Description_Reason,0.0,0.0,0.0,False,0.7815349698066711,0.7815349698066711,False,False,True,False,False
p02257,Description_Simple,0.0,0.0,0.0,False,0.6445461511611938,0.6445461511611938,False,False,True,False,False
p02392,Description_Fewshot,0.0,0.5,0.25,False,0.22442488372325897,0.025575116276741028,True,False,False,False,True
p02392,Description_Reason,0.5,0.0,0.25,False,0.5402882099151611,0.29028820991516113,False,False,True,False,False
p02392,Description_Simple,0.0,0.0,0.0,False,0.6680140495300293,0.6680140495300293,False,False,True,False,False
p02403,Description_Fewshot,0.0,0.5,0.25,False,0.2114849090576172,0.03851509094238281,True,False,False,False,True
p02403,Description_Reason,0.5,0.0,0.25,False,0.35420939326286316,0.10420939326286316,True,False,False,False,True
p02403,Description_Simple,0.5,0.0,0.25,False,0.4797995090484619,0.22979950904846191,True,False,False,False,True
p02398,Description_Fewshot,0.0,0.5,0.25,False,0.1544686257839203,0.09553137421607971,True,False,False,False,True
p02398,Description_Reason,0.0,0.0,0.0,False,0.38912779092788696,0.38912779092788696,True,False,False,False,True
p02398,Description_Simple,0.0,0.0,0.0,False,0.18082623183727264,0.18082623183727264,True,False,False,False,True
p03644,Description_Fewshot,0.0,0.0,0.0,False,0.11676173657178879,0.11676173657178879,True,False,False,False,True
p03644,Description_Reason,0.0,0.0,0.0,False,0.21805697679519653,0.21805697679519653,True,False,False,False,True
p03644,Description_Simple,0.0,0.0,0.0,False,0.15267248451709747,0.15267248451709747,True,False,False,False,True
p00011,Description_Fewshot,0.0,0.0,0.0,False,0.33019697666168213,0.33019697666168213,True,False,False,False,True
p00011,Description_Reason,0.0,0.0,0.0,False,0.24309587478637695,0.24309587478637695,True,False,False,False,True
p00011,Description_Simple,0.0,0.0,0.0,False,0.27680766582489014,0.27680766582489014,True,False,False,False,True
p02259,Description_Fewshot,0.0,0.0,0.0,False,0.30700576305389404,0.30700576305389404,True,False,False,False,True
p02259,Description_Reason,0.0,0.0,0.0,False,0.2322293221950531,0.2322293221950531,True,False,False,False,True
p02259,Description_Simple,0.0,0.0,0.0,False,0.10746710002422333,0.10746710002422333,True,False,False,False,True
p02263,Description_Fewshot,0.0,0.0,0.0,False,0.317097544670105,0.317097544670105,True,False,False,False,True
p02263,Description_Reason,0.0,0.0,0.0,False,0.4114501476287842,0.4114501476287842,True,False,False,False,True
p02263,Description_Simple,0.0,0.0,0.0,False,0.3735355734825134,0.3735355734825134,True,False,False,False,True
p02701,Description_Fewshot,0.0,0.0,0.0,False,0.2540830671787262,0.2540830671787262,True,False,False,False,True
p02701,Description_Reason,0.0,0.0,0.0,False,0.08776884526014328,0.08776884526014328,True,False,False,False,True
p02701,Description_Simple,0.0,0.0,0.0,False,0.30187517404556274,0.30187517404556274,True,False,False,False,True
p02718,Description_Fewshot,0.0,0.0,0.0,False,0.10907039046287537,0.10907039046287537,True,False,False,False,True
p02718,Description_Reason,0.0,0.0,0.0,False,-0.0021816566586494446,0.0021816566586494446,True,False,False,False,True
p02718,Description_Simple,0.0,0.0,0.0,False,0.019664231687784195,0.019664231687784195,True,False,False,False,True
p02778,Description_Fewshot,1.0,0.0,0.5,True,0.45443764328956604,0.04556235671043396,False,True,False,False,False
p02778,Description_Reason,0.0,1.0,0.5,True,0.3402620255947113,0.1597379744052887,False,True,False,False,False
p02778,Description_Simple,0.0,0.0,0.0,False,0.09053704142570496,0.09053704142570496,True,False,False,False,True
p03041,Description_Fewshot,0.0,0.0,0.0,False,0.4545840919017792,0.4545840919017792,True,False,False,False,True
p03041,Description_Reason,0.0,0.0,0.0,False,0.1727782040834427,0.1727782040834427,True,False,False,False,True
p03041,Description_Simple,0.0,0.0,0.0,False,0.14121794700622559,0.14121794700622559,True,False,False,False,True
p00006,Description_Fewshot,0.0,0.0,0.0,False,0.7515121698379517,0.7515121698379517,False,False,True,False,False
p00006,Description_Reason,0.0,0.0,0.0,False,0.5491379499435425,0.5491379499435425,False,False,True,False,False
p00006,Description_Simple,0.0,0.7,0.35,False,0.6718626618385315,0.3218626618385315,False,False,True,False,False
p02576,Description_Fewshot,0.0,0.0,0.0,False,0.03132785111665726,0.03132785111665726,True,False,False,False,True
p02576,Description_Reason,0.7,0.0,0.35,False,0.19461879134178162,0.15538120865821836,True,False,False,False,True
p02576,Description_Simple,0.0,0.0,0.0,False,0.2478865683078766,0.2478865683078766,True,False,False,False,True
p03102,Description_Fewshot,0.0,0.0,0.0,False,0.019432269036769867,0.019432269036769867,True,False,False,False,True
p03102,Description_Reason,0.0,0.0,0.0,False,0.033116623759269714,0.033116623759269714,True,False,False,False,True
p03102,Description_Simple,0.0,0.0,0.0,False,0.12474749982357025,0.12474749982357025,True,False,False,False,True
p02921,Description_Fewshot,0.0,0.0,0.0,False,0.191270112991333,0.191270112991333,True,False,False,False,True
p02921,Description_Reason,0.0,0.0,0.0,False,0.4696764051914215,0.4696764051914215,True,False,False,False,True
p02921,Description_Simple,0.0,0.5,0.25,False,0.44911444187164307,0.19911444187164307,True,False,False,False,True
p02639,Description_Fewshot,0.0,0.0,0.0,False,0.11053799092769623,0.11053799092769623,True,False,False,False,True
p02639,Description_Reason,0.0,0.5,0.25,False,0.18440356850624084,0.06559643149375916,True,False,False,False,True
p02639,Description_Simple,0.5,0.0,0.25,False,0.14039883017539978,0.10960116982460022,True,False,False,False,True
p02688,Description_Fewshot,0.0,0.0,0.0,False,0.051297202706336975,0.051297202706336975,True,False,False,False,True
p02688,Description_Reason,0.5,0.0,0.25,False,0.20958814024925232,0.04041185975074768,True,False,False,False,True
p02688,Description_Simple,0.0,0.0,0.0,False,0.07181218266487122,0.07181218266487122,True,False,False,False,True
p02399,Description_Fewshot,0.0,0.0,0.0,False,0.21578922867774963,0.21578922867774963,True,False,False,False,True
p02399,Description_Reason,0.0,0.0,0.0,False,0.4549393653869629,0.4549393653869629,True,False,False,False,True
p02399,Description_Simple,0.0,0.0,0.0,False,0.5577104687690735,0.5577104687690735,False,False,True,False,False
p02401,Description_Fewshot,0.0,0.0,0.0,False,0.29959115386009216,0.29959115386009216,True,False,False,False,True
p02401,Description_Reason,0.0,0.0,0.0,False,0.4112224578857422,0.4112224578857422,True,False,False,False,True
p02401,Description_Simple,0.0,0.0,0.0,False,0.3641827702522278,0.3641827702522278,True,False,False,False,True
p02400,Description_Fewshot,0.0,0.0,0.0,False,0.22444476187229156,0.22444476187229156,True,False,False,False,True
p02400,Description_Reason,0.5,0.0,0.25,False,0.6798455119132996,0.42984551191329956,False,False,True,False,False
p02400,Description_Simple,0.0,0.0,0.0,False,0.7273198366165161,0.7273198366165161,False,False,True,False,False
p02578,Description_Fewshot,0.0,0.0,0.0,False,0.1055123433470726,0.1055123433470726,True,False,False,False,True
p02578,Description_Reason,0.0,0.5,0.25,False,0.2386312335729599,0.0113687664270401,True,False,False,False,True
p02578,Description_Simple,0.0,0.5,0.25,False,0.046527598053216934,0.20347240194678307,True,False,False,False,True
p03282,Description_Fewshot,0.5,0.0,0.25,False,0.29704272747039795,0.04704272747039795,True,False,False,False,True
p03282,Description_Reason,0.0,0.0,0.0,False,0.30919185280799866,0.30919185280799866,True,False,False,False,True
p03282,Description_Simple,0.0,0.0,0.0,False,0.09154471755027771,0.09154471755027771,True,False,False,False,True
p03854,Description_Fewshot,0.0,0.0,0.0,False,0.23233023285865784,0.23233023285865784,True,False,False,False,True
p03854,Description_Reason,0.0,0.0,0.0,False,0.30526864528656006,0.30526864528656006,True,False,False,False,True
p03854,Description_Simple,0.0,0.0,0.0,False,0.2860962748527527,0.2860962748527527,True,False,False,False,True
p02681,Description_Fewshot,0.0,0.0,0.0,False,0.2794225811958313,0.2794225811958313,True,False,False,False,True
p02681,Description_Reason,0.0,0.0,0.0,False,0.408334344625473,0.408334344625473,True,False,False,False,True
p02681,Description_Simple,0.0,0.0,0.0,False,0.263587087392807,0.263587087392807,True,False,False,False,True
p02993,Description_Fewshot,0.0,0.0,0.0,False,0.2664121091365814,0.2664121091365814,True,False,False,False,True
p02993,Description_Reason,0.0,0.0,0.0,False,0.27922990918159485,0.27922990918159485,True,False,False,False,True
p02993,Description_Simple,0.0,0.0,0.0,False,0.1321367621421814,0.1321367621421814,True,False,False,False,True
p02711,Description_Fewshot,0.0,0.0,0.0,False,0.2613823711872101,0.2613823711872101,True,False,False,False,True
p02711,Description_Reason,0.0,0.0,0.0,False,0.3057235777378082,0.3057235777378082,True,False,False,False,True
p02711,Description_Simple,0.0,0.0,0.0,False,0.06890041381120682,0.06890041381120682,True,False,False,False,True
p02731,Description_Fewshot,0.0,0.0,0.0,False,0.055325645953416824,0.055325645953416824,True,False,False,False,True
p02731,Description_Reason,0.0,0.0,0.0,False,0.15810148417949677,0.15810148417949677,True,False,False,False,True
p02731,Description_Simple,0.5,0.0,0.25,False,0.1471998393535614,0.1028001606464386,True,False,False,False,True
p03494,Description_Fewshot,0.0,0.0,0.0,False,0.1712503731250763,0.1712503731250763,True,False,False,False,True
p03494,Description_Reason,0.0,0.0,0.0,False,0.1748107224702835,0.1748107224702835,True,False,False,False,True
p03494,Description_Simple,0.0,0.0,0.0,False,0.2097170650959015,0.2097170650959015,True,False,False,False,True
p03695,Description_Fewshot,0.0,0.5,0.25,False,-0.006577834486961365,0.25657783448696136,True,False,False,False,True
p03695,Description_Reason,0.0,0.0,0.0,False,0.2556098997592926,0.2556098997592926,True,False,False,False,True
p03695,Description_Simple,0.0,0.0,0.0,False,0.42483648657798767,0.42483648657798767,True,False,False,False,True
p02801,Description_Fewshot,0.0,0.0,0.0,False,0.47946441173553467,0.47946441173553467,True,False,False,False,True
p02801,Description_Reason,0.0,0.0,0.0,False,0.4614531099796295,0.4614531099796295,True,False,False,False,True
p02801,Description_Simple,0.0,0.0,0.0,False,0.026050424203276634,0.026050424203276634,True,False,False,False,True
p02729,Description_Fewshot,0.0,0.0,0.0,False,-0.048741064965724945,0.048741064965724945,True,False,False,False,True
p02729,Description_Reason,0.0,0.0,0.0,False,0.16703012585639954,0.16703012585639954,True,False,False,False,True
p02729,Description_Simple,0.0,0.0,0.0,False,0.13554038107395172,0.13554038107395172,True,False,False,False,True
p03059,Description_Fewshot,0.0,0.0,0.0,False,-0.017863569781184196,0.017863569781184196,True,False,False,False,True
p03059,Description_Reason,0.0,0.0,0.0,False,0.13023796677589417,0.13023796677589417,True,False,False,False,True
p03059,Description_Simple,0.0,0.0,0.0,False,0.0009063519537448883,0.0009063519537448883,True,False,False,False,True
p03435,Description_Fewshot,0.0,0.0,0.0,False,0.028286855667829514,0.028286855667829514,True,False,False,False,True
p03435,Description_Reason,0.0,0.0,0.0,False,0.27170300483703613,0.27170300483703613,True,False,False,False,True
p03435,Description_Simple,0.0,0.0,0.0,False,0.23686106503009796,0.23686106503009796,True,False,False,False,True
p03352,Description_Fewshot,0.0,0.0,0.0,False,0.15044143795967102,0.15044143795967102,True,False,False,False,True
p03352,Description_Reason,0.0,0.0,0.0,False,0.15990211069583893,0.15990211069583893,True,False,False,False,True
p03352,Description_Simple,0.0,0.0,0.0,False,0.012664875015616417,0.012664875015616417,True,False,False,False,True
p00001,Description_Fewshot,0.0,0.0,0.0,False,0.22106808423995972,0.22106808423995972,True,False,False,False,True
p00001,Description_Reason,0.0,0.5,0.25,False,0.4457021951675415,0.1957021951675415,True,False,False,False,True
p00001,Description_Simple,0.0,0.0,0.0,False,0.5826234817504883,0.5826234817504883,False,False,True,False,False
p02411,Description_Fewshot,0.0,0.0,0.0,False,0.20053543150424957,0.20053543150424957,True,False,False,False,True
p02411,Description_Reason,0.0,0.0,0.0,False,0.6299359202384949,0.6299359202384949,False,False,True,False,False
p02411,Description_Simple,0.0,0.0,0.0,False,0.5456819534301758,0.5456819534301758,False,False,True,False,False
p02552,Description_Fewshot,0.5,0.0,0.25,False,0.2932382822036743,0.043238282203674316,True,False,False,False,True
p02552,Description_Reason,0.0,0.0,0.0,False,0.2989918291568756,0.2989918291568756,True,False,False,False,True
p02552,Description_Simple,0.0,0.0,0.0,False,0.05487557128071785,0.05487557128071785,True,False,False,False,True
p02784,Description_Fewshot,0.0,0.0,0.0,False,0.07181137800216675,0.07181137800216675,True,False,False,False,True
p02784,Description_Reason,0.0,0.0,0.0,False,0.07470861077308655,0.07470861077308655,True,False,False,False,True
p02784,Description_Simple,0.0,0.0,0.0,False,0.24184852838516235,0.24184852838516235,True,False,False,False,True
p03281,Description_Fewshot,0.0,0.0,0.0,False,0.1845686435699463,0.1845686435699463,True,False,False,False,True
p03281,Description_Reason,0.0,0.0,0.0,False,0.40316057205200195,0.40316057205200195,True,False,False,False,True
p03281,Description_Simple,0.0,0.0,0.0,False,0.3697957694530487,0.3697957694530487,True,False,False,False,True
p02570,Description_Fewshot,0.0,0.0,0.0,False,0.029018370434641838,0.029018370434641838,True,False,False,False,True
p02570,Description_Reason,0.0,0.0,0.0,False,0.09539437294006348,0.09539437294006348,True,False,False,False,True
p02570,Description_Simple,0.0,0.0,0.0,False,0.08853437006473541,0.08853437006473541,True,False,False,False,True
p02659,Description_Fewshot,0.0,0.0,0.0,False,0.21145391464233398,0.21145391464233398,True,False,False,False,True
p02659,Description_Reason,0.0,0.0,0.0,False,0.05488736182451248,0.05488736182451248,True,False,False,False,True
p02659,Description_Simple,0.0,0.0,0.0,False,0.03880421817302704,0.03880421817302704,True,False,False,False,True
p02791,Description_Fewshot,0.0,0.0,0.0,False,0.23084157705307007,0.23084157705307007,True,False,False,False,True
p02791,Description_Reason,0.0,0.0,0.0,False,0.32812559604644775,0.32812559604644775,True,False,False,False,True
p02791,Description_Simple,0.0,0.0,0.0,False,0.17042066156864166,0.17042066156864166,True,False,False,False,True
p02909,Description_Fewshot,0.0,0.0,0.0,False,0.2349458932876587,0.2349458932876587,True,False,False,False,True
p02909,Description_Reason,0.0,0.0,0.0,False,0.08810937404632568,0.08810937404632568,True,False,False,False,True
p02909,Description_Simple,0.0,0.0,0.0,False,0.16974544525146484,0.16974544525146484,True,False,False,False,True
p02981,Description_Fewshot,0.0,0.0,0.0,False,0.06714284420013428,0.06714284420013428,True,False,False,False,True
p02981,Description_Reason,0.0,0.0,0.0,False,0.23426362872123718,0.23426362872123718,True,False,False,False,True
p02981,Description_Simple,0.0,0.0,0.0,False,0.12151922285556793,0.12151922285556793,True,False,False,False,True
p02819,Description_Fewshot,0.0,0.0,0.0,False,0.21023167669773102,0.21023167669773102,True,False,False,False,True
p02819,Description_Reason,0.0,0.0,0.0,False,0.25306299328804016,0.25306299328804016,True,False,False,False,True
p02819,Description_Simple,0.0,0.0,0.0,False,0.20212236046791077,0.20212236046791077,True,False,False,False,True
p03011,Description_Fewshot,0.0,0.0,0.0,False,0.07438211888074875,0.07438211888074875,True,False,False,False,True
p03011,Description_Reason,0.0,0.0,0.0,False,0.28223323822021484,0.28223323822021484,True,False,False,False,True
p03011,Description_Simple,0.0,0.0,0.0,False,0.02127014845609665,0.02127014845609665,True,False,False,False,True
p03042,Description_Fewshot,0.0,0.0,0.0,False,0.18464617431163788,0.18464617431163788,True,False,False,False,True
p03042,Description_Reason,0.0,0.0,0.0,False,0.3632658123970032,0.3632658123970032,True,False,False,False,True
p03042,Description_Simple,0.0,0.0,0.0,False,0.41714006662368774,0.41714006662368774,True,False,False,False,True
p03107,Description_Fewshot,0.0,0.0,0.0,False,0.251285582780838,0.251285582780838,True,False,False,False,True
p03107,Description_Reason,0.0,0.0,0.0,False,0.17792347073554993,0.17792347073554993,True,False,False,False,True
p03107,Description_Simple,0.0,0.0,0.0,False,0.14310789108276367,0.14310789108276367,True,False,False,False,True
p02414,Description_Fewshot,0.0,0.0,0.0,False,0.10921750217676163,0.10921750217676163,True,False,False,False,True
p02414,Description_Reason,0.0,0.0,0.0,False,0.09815486520528793,0.09815486520528793,True,False,False,False,True
p02414,Description_Simple,0.0,0.0,0.0,False,0.2610504627227783,0.2610504627227783,True,False,False,False,True
p02420,Description_Fewshot,0.0,0.0,0.0,False,0.336037278175354,0.336037278175354,True,False,False,False,True
p02420,Description_Reason,0.0,0.0,0.0,False,0.3793896436691284,0.3793896436691284,True,False,False,False,True
p02420,Description_Simple,0.0,0.0,0.0,False,0.47814249992370605,0.47814249992370605,True,False,False,False,True
p03060,Description_Fewshot,0.0,0.0,0.0,False,0.0023819226771593094,0.0023819226771593094,True,False,False,False,True
p03060,Description_Reason,0.0,0.0,0.0,False,0.09915808588266373,0.09915808588266373,True,False,False,False,True
p03060,Description_Simple,0.0,0.0,0.0,False,0.049729667603969574,0.049729667603969574,True,False,False,False,True
p03378,Description_Fewshot,0.0,0.0,0.0,False,0.03783014044165611,0.03783014044165611,True,False,False,False,True
p03378,Description_Reason,0.0,0.0,0.0,False,0.15344054996967316,0.15344054996967316,True,False,False,False,True
p03378,Description_Simple,0.0,0.0,0.0,False,0.23765502870082855,0.23765502870082855,True,False,False,False,True
p02923,Description_Fewshot,0.0,0.0,0.0,False,0.06321833282709122,0.06321833282709122,True,False,False,False,True
p02923,Description_Reason,0.0,0.0,0.0,False,0.2194729894399643,0.2194729894399643,True,False,False,False,True
p02923,Description_Simple,0.0,0.0,0.0,False,-0.04544190317392349,0.04544190317392349,True,False,False,False,True
p02959,Description_Fewshot,0.0,0.0,0.0,False,0.03205280750989914,0.03205280750989914,True,False,False,False,True
p02959,Description_Reason,0.0,0.0,0.0,False,0.11964289844036102,0.11964289844036102,True,False,False,False,True
p02959,Description_Simple,0.0,0.0,0.0,False,-0.0047348253428936005,0.0047348253428936005,True,False,False,False,True
