Sub_Directory,Description_Type,LLM_GPT4o_Score,LLM_Claude_Score,LLM_Average_Score,LLM_Consensus,ST_Similarity_Score,Score_Difference,Agreement,LLM_Success,ST_Success,Both_Success,Neither_Success
p02994,Description_Fewshot,0.9,0.9,0.9,True,0.36956101655960083,0.5304389834403992,False,True,False,False,False
p02994,Description_Reason,0.9,0.9,0.9,True,0.5055197477340698,0.3944802522659302,True,True,True,True,False
p02994,Description_Simple,0.0,0.9,0.45,False,0.47905993461608887,0.029059934616088856,True,False,False,False,True
p02922,Description_Fewshot,0.9,0.9,0.9,True,0.5019840002059937,0.39801599979400637,True,True,True,True,False
p02922,Description_Reason,0.9,0.1,0.5,True,0.10799042880535126,0.39200957119464874,False,True,False,False,False
p02922,Description_Simple,0.9,0.1,0.5,True,0.44035035371780396,0.059649646282196045,False,True,False,False,False
p02414,Description_Fewshot,0.1,0.9,0.5,True,0.591579794883728,0.09157979488372803,True,True,True,True,False
p02414,Description_Reason,0.0,0.0,0.0,False,0.6392591595649719,0.6392591595649719,False,False,True,False,False
p02414,Description_Simple,0.0,0.9,0.45,False,0.6123718023300171,0.16237180233001708,False,False,True,False,False
p03854,Description_Fewshot,0.6,0.0,0.3,False,0.46943750977516174,0.16943750977516175,True,False,False,False,True
p03854,Description_Reason,0.9,0.2,0.55,True,0.38669365644454956,0.16330634355545048,False,True,False,False,False
p03854,Description_Simple,0.6,0.2,0.4,False,0.475968599319458,0.07596859931945799,True,False,False,False,True
p03324,Description_Fewshot,0.2,0.6,0.4,False,0.4434831440448761,0.043483144044876076,True,False,False,False,True
p03324,Description_Reason,0.4,0.6,0.5,True,0.4862358868122101,0.013764113187789917,False,True,False,False,False
p03324,Description_Simple,0.4,0.2,0.30000000000000004,False,0.4105604290962219,0.11056042909622188,True,False,False,False,True
p02970,Description_Fewshot,0.9,0.9,0.9,True,0.5229349136352539,0.3770650863647461,True,True,True,True,False
p02970,Description_Reason,0.9,0.8,0.8500000000000001,True,0.25329887866973877,0.5967011213302613,False,True,False,False,False
p02970,Description_Simple,0.9,0.6,0.75,True,0.4270358085632324,0.3229641914367676,False,True,False,False,False
p02771,Description_Fewshot,0.1,0.9,0.5,True,0.645898699760437,0.145898699760437,True,True,True,True,False
p02771,Description_Reason,0.9,0.9,0.9,True,0.5912432670593262,0.30875673294067385,True,True,True,True,False
p02771,Description_Simple,0.6,0.9,0.75,True,0.5697931051254272,0.18020689487457275,True,True,True,True,False
p02258,Description_Fewshot,0.9,0.9,0.9,True,0.6787072420120239,0.2212927579879761,True,True,True,True,False
p02258,Description_Reason,0.9,0.9,0.9,True,0.6372610330581665,0.2627389669418335,True,True,True,True,False
p02258,Description_Simple,0.9,0.9,0.9,True,0.6364678144454956,0.2635321855545044,True,True,True,True,False
p02682,Description_Fewshot,0.1,0.6,0.35,False,0.5522218346595764,0.20222183465957644,False,False,True,False,False
p02682,Description_Reason,0.9,0.9,0.9,True,0.5779838562011719,0.32201614379882815,True,True,True,True,False
p02682,Description_Simple,0.0,0.9,0.45,False,0.5456495881080627,0.09564958810806273,False,False,True,False,False
p02677,Description_Fewshot,0.0,0.1,0.05,False,0.5663653016090393,0.5163653016090393,False,False,True,False,False
p02677,Description_Reason,0.9,0.1,0.5,True,0.5621435046195984,0.06214350461959839,True,True,True,True,False
p02677,Description_Simple,0.9,0.0,0.45,False,0.5134138464927673,0.06341384649276732,False,False,True,False,False
p02628,Description_Fewshot,0.9,0.9,0.9,True,0.29660648107528687,0.6033935189247132,False,True,False,False,False
p02628,Description_Reason,0.8,0.6,0.7,True,0.46840596199035645,0.2315940380096435,False,True,False,False,False
p02628,Description_Simple,0.9,0.9,0.9,True,0.48672643303871155,0.4132735669612885,False,True,False,False,False
p03814,Description_Fewshot,0.6,0.9,0.75,True,0.6191332340240479,0.13086676597595215,True,True,True,True,False
p03814,Description_Reason,0.9,0.6,0.75,True,0.5712007880210876,0.17879921197891235,True,True,True,True,False
p03814,Description_Simple,0.8,0.9,0.8500000000000001,True,0.5637170672416687,0.2862829327583314,True,True,True,True,False
p02959,Description_Fewshot,0.6,0.6,0.6,True,0.24919365346431732,0.35080634653568266,False,True,False,False,False
p02959,Description_Reason,0.0,0.9,0.45,False,0.17392560839653015,0.27607439160346986,True,False,False,False,True
p02959,Description_Simple,0.0,0.4,0.2,False,0.312125027179718,0.112125027179718,True,False,False,False,True
p03220,Description_Fewshot,0.9,0.2,0.55,True,0.4048009514808655,0.14519904851913457,False,True,False,False,False
p03220,Description_Reason,0.2,0.0,0.1,False,0.27148741483688354,0.17148741483688354,True,False,False,False,True
p03220,Description_Simple,0.0,0.0,0.0,False,0.2715064585208893,0.2715064585208893,True,False,False,False,True
p02909,Description_Fewshot,0.9,0.0,0.45,False,0.2922956943511963,0.15770430564880372,True,False,False,False,True
p02909,Description_Reason,0.0,0.0,0.0,False,0.30128198862075806,0.30128198862075806,True,False,False,False,True
p02909,Description_Simple,0.0,0.0,0.0,False,0.2990538477897644,0.2990538477897644,True,False,False,False,True
p02389,Description_Fewshot,0.0,0.2,0.1,False,0.404373437166214,0.304373437166214,True,False,False,False,True
p02389,Description_Reason,0.9,0.9,0.9,True,0.4346749782562256,0.46532502174377444,False,True,False,False,False
p02389,Description_Simple,0.1,0.9,0.5,True,0.3845810890197754,0.11541891098022461,False,True,False,False,False
p03448,Description_Fewshot,0.9,0.1,0.5,True,0.7114620208740234,0.21146202087402344,True,True,True,True,False
p03448,Description_Reason,0.1,0.9,0.5,True,0.7307493686676025,0.23074936866760254,True,True,True,True,False
p03448,Description_Simple,0.1,0.1,0.1,False,0.6242937445640564,0.5242937445640564,False,False,True,False,False
p02717,Description_Fewshot,0.9,0.0,0.45,False,0.4467209577560425,0.0032790422439575306,True,False,False,False,True
p02717,Description_Reason,0.9,0.2,0.55,True,0.40157946944236755,0.1484205305576325,False,True,False,False,False
p02717,Description_Simple,0.1,0.0,0.05,False,0.3923628628253937,0.3423628628253937,True,False,False,False,True
p03109,Description_Fewshot,0.6,0.9,0.75,True,0.594559371471405,0.15544062852859497,True,True,True,True,False
p03109,Description_Reason,0.9,0.6,0.75,True,0.5135366916656494,0.23646330833435059,True,True,True,True,False
p03109,Description_Simple,0.2,0.9,0.55,True,0.5095744132995605,0.0404255867004395,True,True,True,True,False
p02391,Description_Fewshot,0.9,0.0,0.45,False,0.7621666789054871,0.31216667890548705,False,False,True,False,False
p02391,Description_Reason,0.6,0.6,0.6,True,0.7499234080314636,0.14992340803146365,True,True,True,True,False
p02391,Description_Simple,0.0,0.9,0.45,False,0.6861613988876343,0.23616139888763427,False,False,True,False,False
p02577,Description_Fewshot,0.9,0.9,0.9,True,0.7424776554107666,0.15752234458923342,True,True,True,True,False
p02577,Description_Reason,0.9,0.9,0.9,True,0.5971957445144653,0.3028042554855347,True,True,True,True,False
p02577,Description_Simple,0.9,0.9,0.9,True,0.6972370147705078,0.2027629852294922,True,True,True,True,False
p02880,Description_Fewshot,0.9,0.8,0.8500000000000001,True,0.6062045097351074,0.24379549026489267,True,True,True,True,False
p02880,Description_Reason,0.6,0.2,0.4,False,0.607947826385498,0.20794782638549802,False,False,True,False,False
p02880,Description_Simple,0.7,0.6,0.6499999999999999,True,0.5763691067695618,0.07363089323043814,True,True,True,True,False
p03293,Description_Fewshot,0.8,0.9,0.8500000000000001,True,0.6779835224151611,0.17201647758483896,True,True,True,True,False
p03293,Description_Reason,0.6,0.6,0.6,True,0.6206252574920654,0.020625257492065452,True,True,True,True,False
p03293,Description_Simple,0.9,0.9,0.9,True,0.6106852293014526,0.2893147706985474,True,True,True,True,False
p03102,Description_Fewshot,0.9,0.8,0.8500000000000001,True,0.6234105825424194,0.22658941745758066,True,True,True,True,False
p03102,Description_Reason,0.6,0.8,0.7,True,0.4145454168319702,0.28545458316802974,False,True,False,False,False
p03102,Description_Simple,0.9,0.9,0.9,True,0.4125610291957855,0.4874389708042145,False,True,False,False,False
p02729,Description_Fewshot,0.8,0.6,0.7,True,0.4365065395832062,0.2634934604167938,False,True,False,False,False
p02729,Description_Reason,0.9,0.7,0.8,True,0.2909657955169678,0.5090342044830323,False,True,False,False,False
p02729,Description_Simple,0.2,0.6,0.4,False,0.4385242760181427,0.03852427601814268,True,False,False,False,True
p03434,Description_Fewshot,0.9,0.6,0.75,True,0.773783802986145,0.02378380298614502,True,True,True,True,False
p03434,Description_Reason,0.6,0.9,0.75,True,0.7365401983261108,0.01345980167388916,True,True,True,True,False
p03434,Description_Simple,0.6,0.9,0.75,True,0.6378160715103149,0.11218392848968506,True,True,True,True,False
p02706,Description_Fewshot,0.9,0.6,0.75,True,0.26456698775291443,0.48543301224708557,False,True,False,False,False
p02706,Description_Reason,0.1,0.2,0.15000000000000002,False,0.22188079357147217,0.07188079357147215,True,False,False,False,True
p02706,Description_Simple,0.6,0.5,0.55,True,0.2444903701543808,0.30550962984561925,False,True,False,False,False
p02404,Description_Fewshot,0.6,0.9,0.75,True,0.3984365165233612,0.3515634834766388,False,True,False,False,False
p02404,Description_Reason,0.6,0.9,0.75,True,0.34885674715042114,0.40114325284957886,False,True,False,False,False
p02404,Description_Simple,0.9,0.1,0.5,True,0.3647224009037018,0.13527759909629822,False,True,False,False,False
p04030,Description_Fewshot,0.6,0.2,0.4,False,0.6132948398590088,0.21329483985900877,False,False,True,False,False
p04030,Description_Reason,0.6,0.6,0.6,True,0.6479105949401855,0.04791059494018557,True,True,True,True,False
p04030,Description_Simple,0.2,0.3,0.25,False,0.6660088896751404,0.4160088896751404,False,False,True,False,False
p02911,Description_Fewshot,0.2,0.6,0.4,False,0.4267852306365967,0.026785230636596657,True,False,False,False,True
p02911,Description_Reason,0.1,0.2,0.15000000000000002,False,0.44661402702331543,0.2966140270233154,True,False,False,False,True
p02911,Description_Simple,0.6,0.1,0.35,False,0.4748256206512451,0.12482562065124514,True,False,False,False,True
p03325,Description_Fewshot,0.9,0.2,0.55,True,0.3979261517524719,0.15207384824752812,False,True,False,False,False
p03325,Description_Reason,0.9,0.9,0.9,True,0.38396376371383667,0.5160362362861634,False,True,False,False,False
p03325,Description_Simple,0.2,0.2,0.2,False,0.370112806558609,0.170112806558609,True,False,False,False,True
p02418,Description_Fewshot,0.2,0.0,0.1,False,0.5442614555358887,0.4442614555358887,False,False,True,False,False
p02418,Description_Reason,0.1,0.9,0.5,True,0.5138579607009888,0.01385796070098877,True,True,True,True,False
p02418,Description_Simple,0.9,0.9,0.9,True,0.5012115240097046,0.39878847599029543,True,True,True,True,False
p02779,Description_Fewshot,0.2,0.2,0.2,False,0.389199823141098,0.189199823141098,True,False,False,False,True
p02779,Description_Reason,0.2,0.0,0.1,False,0.3376825451850891,0.2376825451850891,True,False,False,False,True
p02779,Description_Simple,0.9,0.2,0.55,True,0.41236960887908936,0.1376303911209107,False,True,False,False,False
p00011,Description_Fewshot,0.6,0.6,0.6,True,0.4576674699783325,0.14233253002166746,False,True,False,False,False
p00011,Description_Reason,0.9,0.7,0.8,True,0.5057870149612427,0.29421298503875737,True,True,True,True,False
p00011,Description_Simple,0.0,0.1,0.05,False,0.4305230975151062,0.3805230975151062,True,False,False,False,True
p02832,Description_Fewshot,0.2,0.6,0.4,False,0.38771215081214905,0.012287849187850974,True,False,False,False,True
p02832,Description_Reason,0.2,0.6,0.4,False,0.3534318804740906,0.046568119525909446,True,False,False,False,True
p02832,Description_Simple,0.6,0.6,0.6,True,0.33573150634765625,0.26426849365234373,False,True,False,False,False
p02578,Description_Fewshot,0.8,0.9,0.8500000000000001,True,0.47876250743865967,0.3712374925613404,False,True,False,False,False
p02578,Description_Reason,0.9,0.9,0.9,True,0.5729318857192993,0.3270681142807007,True,True,True,True,False
p02578,Description_Simple,0.9,0.9,0.9,True,0.5628805160522461,0.33711948394775393,True,True,True,True,False
p02718,Description_Fewshot,0.9,0.6,0.75,True,0.5254823565483093,0.22451764345169067,True,True,True,True,False
p02718,Description_Reason,0.6,0.9,0.75,True,0.4656103551387787,0.2843896448612213,False,True,False,False,False
p02718,Description_Simple,0.8,0.9,0.8500000000000001,True,0.5616472363471985,0.2883527636528016,True,True,True,True,False
p02396,Description_Fewshot,0.9,0.6,0.75,True,0.561748206615448,0.188251793384552,True,True,True,True,False
p02396,Description_Reason,0.6,0.6,0.6,True,0.577911376953125,0.022088623046874978,True,True,True,True,False
p02396,Description_Simple,0.6,0.9,0.75,True,0.5505580902099609,0.19944190979003906,True,True,True,True,False
p02641,Description_Fewshot,0.9,0.6,0.75,True,0.5797475576400757,0.17025244235992432,True,True,True,True,False
p02641,Description_Reason,0.1,0.0,0.05,False,0.5623241662979126,0.5123241662979126,False,False,True,False,False
p02641,Description_Simple,0.9,0.6,0.75,True,0.5776873230934143,0.1723126769065857,True,True,True,True,False
p02621,Description_Fewshot,0.6,0.9,0.75,True,0.4709325134754181,0.2790674865245819,False,True,False,False,False
p02621,Description_Reason,0.9,0.8,0.8500000000000001,True,0.48017096519470215,0.36982903480529794,False,True,False,False,False
p02621,Description_Simple,0.6,0.6,0.6,True,0.5028412342071533,0.09715876579284666,True,True,True,True,False
p02399,Description_Fewshot,0.7,0.6,0.6499999999999999,True,0.6835922002792358,0.03359220027923593,True,True,True,True,False
p02399,Description_Reason,0.9,0.7,0.8,True,0.727721095085144,0.072278904914856,True,True,True,True,False
p02399,Description_Simple,0.9,0.9,0.9,True,0.7022824287414551,0.19771757125854494,True,True,True,True,False
p02879,Description_Fewshot,0.6,0.8,0.7,True,0.4167982339859009,0.2832017660140991,False,True,False,False,False
p02879,Description_Reason,0.9,0.6,0.75,True,0.3095930516719818,0.4404069483280182,False,True,False,False,False
p02879,Description_Simple,0.9,0.9,0.9,True,0.4232363700866699,0.4767636299133301,False,True,False,False,False
p02812,Description_Fewshot,0.9,0.9,0.9,True,0.6439842581748962,0.2560157418251038,True,True,True,True,False
p02812,Description_Reason,0.6,0.6,0.6,True,0.6462956070899963,0.04629560708999636,True,True,True,True,False
p02812,Description_Simple,0.8,0.6,0.7,True,0.6603477001190186,0.0396522998809814,True,True,True,True,False
p02923,Description_Fewshot,0.6,0.9,0.75,True,0.44264835119247437,0.30735164880752563,False,True,False,False,False
p02923,Description_Reason,0.8,0.6,0.7,True,0.4054049253463745,0.29459507465362544,False,True,False,False,False
p02923,Description_Simple,0.9,0.3,0.6,True,0.4266080856323242,0.17339191436767576,False,True,False,False,False
p02419,Description_Fewshot,0.6,0.6,0.6,True,0.7019795775413513,0.10197957754135134,True,True,True,True,False
p02419,Description_Reason,0.6,0.9,0.75,True,0.6539170742034912,0.09608292579650879,True,True,True,True,False
p02419,Description_Simple,0.3,0.8,0.55,True,0.6428526639938354,0.0928526639938354,True,True,True,True,False
p02388,Description_Fewshot,0.3,0.9,0.6,True,0.7316104173660278,0.13161041736602785,True,True,True,True,False
p02388,Description_Reason,0.9,0.0,0.45,False,0.7072497606277466,0.25724976062774657,False,False,True,False,False
p02388,Description_Simple,0.0,0.1,0.05,False,0.7344987392425537,0.6844987392425537,False,False,True,False,False
p03076,Description_Fewshot,0.2,0.1,0.15000000000000002,False,0.4001499116420746,0.25014991164207456,True,False,False,False,True
p03076,Description_Reason,0.9,0.6,0.75,True,0.2780437469482422,0.4719562530517578,False,True,False,False,False
p03076,Description_Simple,0.1,0.9,0.5,True,0.2693937420845032,0.23060625791549683,False,True,False,False,False
p02639,Description_Fewshot,0.9,0.2,0.55,True,0.29087772965431213,0.2591222703456879,False,True,False,False,False
p02639,Description_Reason,0.9,0.9,0.9,True,0.3280073404312134,0.5719926595687866,False,True,False,False,False
p02639,Description_Simple,0.6,0.0,0.3,False,0.36144667863845825,0.06144667863845826,True,False,False,False,True
p02263,Description_Fewshot,0.9,0.9,0.9,True,0.6625248193740845,0.23747518062591555,True,True,True,True,False
p02263,Description_Reason,0.2,0.9,0.55,True,0.6255425810813904,0.07554258108139034,True,True,True,True,False
p02263,Description_Simple,0.9,0.0,0.45,False,0.6193881034851074,0.1693881034851074,False,False,True,False,False
p03282,Description_Fewshot,0.0,0.9,0.45,False,0.3523365557193756,0.0976634442806244,True,False,False,False,True
p03282,Description_Reason,0.0,0.0,0.0,False,0.35358649492263794,0.35358649492263794,True,False,False,False,True
p03282,Description_Simple,0.0,0.1,0.05,False,0.3509199619293213,0.3009199619293213,True,False,False,False,True
p02693,Description_Fewshot,0.2,0.0,0.1,False,0.6392797231674194,0.5392797231674195,False,False,True,False,False
p02693,Description_Reason,0.0,0.6,0.3,False,0.5068888068199158,0.20688880681991578,False,False,True,False,False
p02693,Description_Simple,0.0,0.0,0.0,False,0.4752112030982971,0.4752112030982971,True,False,False,False,True
p02886,Description_Fewshot,0.0,0.0,0.0,False,0.3043767809867859,0.3043767809867859,True,False,False,False,True
p02886,Description_Reason,0.9,0.9,0.9,True,0.2959061563014984,0.6040938436985016,False,True,False,False,False
p02886,Description_Simple,0.3,0.3,0.3,False,0.3735075891017914,0.07350758910179139,True,False,False,False,True
p04012,Description_Fewshot,0.9,0.9,0.9,True,0.6670885682106018,0.23291143178939822,True,True,True,True,False
p04012,Description_Reason,0.6,0.7,0.6499999999999999,True,0.5609264373779297,0.08907356262207022,True,True,True,True,False
p04012,Description_Simple,0.9,0.3,0.6,True,0.5733188390731812,0.026681160926818825,True,True,True,True,False
p02786,Description_Fewshot,0.9,0.6,0.75,True,0.25929713249206543,0.49070286750793457,False,True,False,False,False
p02786,Description_Reason,0.6,0.6,0.6,True,0.3159475028514862,0.28405249714851377,False,True,False,False,False
p02786,Description_Simple,0.6,0.6,0.6,True,0.3183092176914215,0.28169078230857847,False,True,False,False,False
p02847,Description_Fewshot,0.9,0.9,0.9,True,0.5476356744766235,0.3523643255233765,True,True,True,True,False
p02847,Description_Reason,0.6,0.7,0.6499999999999999,True,0.5174977779388428,0.13250222206115714,True,True,True,True,False
p02847,Description_Simple,0.9,0.9,0.9,True,0.46850842237472534,0.4314915776252747,False,True,False,False,False
p03239,Description_Fewshot,0.0,0.9,0.45,False,0.25727224349975586,0.19272775650024415,True,False,False,False,True
p03239,Description_Reason,0.0,0.0,0.0,False,0.24164323508739471,0.24164323508739471,True,False,False,False,True
p03239,Description_Simple,0.0,0.9,0.45,False,0.22070565819740295,0.22929434180259706,True,False,False,False,True
p03041,Description_Fewshot,0.9,0.0,0.45,False,0.5545012354850769,0.1045012354850769,False,False,True,False,False
p03041,Description_Reason,0.9,0.0,0.45,False,0.5609965920448303,0.11099659204483031,False,False,True,False,False
p03041,Description_Simple,0.2,0.9,0.55,True,0.5378122925758362,0.012187707424163863,True,True,True,True,False
p03242,Description_Fewshot,0.0,0.2,0.1,False,0.12624408304691315,0.02624408304691314,True,False,False,False,True
p03242,Description_Reason,0.0,0.0,0.0,False,0.15468184649944305,0.15468184649944305,True,False,False,False,True
p03242,Description_Simple,0.0,0.0,0.0,False,0.10866344720125198,0.10866344720125198,True,False,False,False,True
p02731,Description_Fewshot,0.2,0.0,0.1,False,0.40734681487083435,0.3073468148708344,True,False,False,False,True
p02731,Description_Reason,0.0,0.2,0.1,False,0.4683488607406616,0.36834886074066164,True,False,False,False,True
p02731,Description_Simple,0.0,0.6,0.3,False,0.39213648438453674,0.09213648438453675,True,False,False,False,True
p03013,Description_Fewshot,0.6,0.0,0.3,False,0.6045676469802856,0.30456764698028566,False,False,True,False,False
p03013,Description_Reason,0.9,0.0,0.45,False,0.5699005722999573,0.11990057229995726,False,False,True,False,False
p03013,Description_Simple,0.6,0.6,0.6,True,0.5940067768096924,0.005993223190307595,True,True,True,True,False
p02701,Description_Fewshot,0.9,0.9,0.9,True,0.5516637563705444,0.3483362436294556,True,True,True,True,False
p02701,Description_Reason,0.6,0.6,0.6,True,0.4668813943862915,0.13311860561370847,False,True,False,False,False
p02701,Description_Simple,0.9,0.9,0.9,True,0.468295156955719,0.43170484304428103,False,True,False,False,False
p02958,Description_Fewshot,0.9,0.9,0.9,True,0.644210934638977,0.25578906536102297,True,True,True,True,False
p02958,Description_Reason,0.9,0.9,0.9,True,0.6687908172607422,0.23120918273925783,True,True,True,True,False
p02958,Description_Simple,0.9,0.9,0.9,True,0.6418564319610596,0.25814356803894045,True,True,True,True,False
p03261,Description_Fewshot,0.9,0.9,0.9,True,0.6427940130233765,0.25720598697662356,True,True,True,True,False
p03261,Description_Reason,0.2,0.9,0.55,True,0.5516351461410522,0.0016351461410522017,True,True,True,True,False
p03261,Description_Simple,0.6,0.2,0.4,False,0.48320868611335754,0.08320868611335752,True,False,False,False,True
p03455,Description_Fewshot,0.8,0.3,0.55,True,0.5687476992607117,0.018747699260711626,True,True,True,True,False
p03455,Description_Reason,0.9,0.6,0.75,True,0.6351345777511597,0.11486542224884033,True,True,True,True,False
p03455,Description_Simple,0.9,0.9,0.9,True,0.6299659609794617,0.27003403902053835,True,True,True,True,False
p02887,Description_Fewshot,0.6,0.9,0.75,True,0.6029311418533325,0.14706885814666748,True,True,True,True,False
p02887,Description_Reason,0.3,0.9,0.6,True,0.5736678242683411,0.026332175731658913,True,True,True,True,False
p02887,Description_Simple,0.9,0.6,0.75,True,0.49999377131462097,0.25000622868537903,False,True,False,False,False
p02640,Description_Fewshot,0.9,0.2,0.55,True,0.31671544909477234,0.2332845509052277,False,True,False,False,False
p02640,Description_Reason,0.6,0.9,0.75,True,0.34773606061935425,0.40226393938064575,False,True,False,False,False
p02640,Description_Simple,0.4,0.9,0.65,True,0.3334691822528839,0.3165308177471161,False,True,False,False,False
p02402,Description_Fewshot,0.9,0.3,0.6,True,0.6507735252380371,0.05077352523803713,True,True,True,True,False
p02402,Description_Reason,0.9,0.9,0.9,True,0.6351021528244019,0.26489784717559817,True,True,True,True,False
p02402,Description_Simple,0.2,0.5,0.35,False,0.6476942300796509,0.2976942300796509,False,False,True,False,False
p02409,Description_Fewshot,0.5,0.6,0.55,True,0.47646817564964294,0.0735318243503571,False,True,False,False,False
p02409,Description_Reason,0.6,0.2,0.4,False,0.3890925645828247,0.010907435417175315,True,False,False,False,True
p02409,Description_Simple,0.9,0.9,0.9,True,0.4885199964046478,0.4114800035953522,False,True,False,False,False
p02421,Description_Fewshot,0.6,0.9,0.75,True,0.6878551244735718,0.06214487552642822,True,True,True,True,False
p02421,Description_Reason,0.9,0.6,0.75,True,0.6733818054199219,0.07661819458007812,True,True,True,True,False
p02421,Description_Simple,0.9,0.6,0.75,True,0.6674624681472778,0.08253753185272217,True,True,True,True,False
p02921,Description_Fewshot,0.9,0.6,0.75,True,0.5806944370269775,0.16930556297302246,True,True,True,True,False
p02921,Description_Reason,0.2,0.9,0.55,True,0.49510326981544495,0.0548967301845551,False,True,False,False,False
p02921,Description_Simple,0.6,0.9,0.75,True,0.5630190372467041,0.1869809627532959,True,True,True,True,False
p02993,Description_Fewshot,0.1,0.6,0.35,False,0.6073126196861267,0.25731261968612673,False,False,True,False,False
p02993,Description_Reason,0.6,0.0,0.3,False,0.2701406180858612,0.029859381914138783,True,False,False,False,True
p02993,Description_Simple,0.4,0.0,0.2,False,0.4989815354347229,0.2989815354347229,True,False,False,False,True
p03011,Description_Fewshot,0.0,0.0,0.0,False,0.5552727580070496,0.5552727580070496,False,False,True,False,False
p03011,Description_Reason,0.6,0.0,0.3,False,0.5546194911003113,0.2546194911003113,False,False,True,False,False
p03011,Description_Simple,0.0,0.0,0.0,False,0.5231480598449707,0.5231480598449707,False,False,True,False,False
p03370,Description_Fewshot,0.0,0.0,0.0,False,0.37555116415023804,0.37555116415023804,True,False,False,False,True
p03370,Description_Reason,0.9,0.9,0.9,True,0.3239542245864868,0.5760457754135132,False,True,False,False,False
p03370,Description_Simple,0.9,0.4,0.65,True,0.2956777513027191,0.3543222486972809,False,True,False,False,False
p02700,Description_Fewshot,0.9,0.3,0.6,True,0.6895461082458496,0.08954610824584963,True,True,True,True,False
p02700,Description_Reason,0.0,0.6,0.3,False,0.6608476638793945,0.36084766387939454,False,False,True,False,False
p02700,Description_Simple,0.3,0.8,0.55,True,0.669041097164154,0.11904109716415401,True,True,True,True,False
p02264,Description_Fewshot,0.9,0.6,0.75,True,0.6224060654640198,0.12759393453598022,True,True,True,True,False
p02264,Description_Reason,0.0,0.9,0.45,False,0.6044531464576721,0.1544531464576721,False,False,True,False,False
p02264,Description_Simple,0.6,0.9,0.75,True,0.6239005327224731,0.12609946727752686,True,True,True,True,False
p03000,Description_Fewshot,0.5,0.7,0.6,True,0.376399427652359,0.22360057234764097,False,True,False,False,False
p03000,Description_Reason,0.8,0.2,0.5,True,0.3668133616447449,0.13318663835525513,False,True,False,False,False
p03000,Description_Simple,0.9,0.9,0.9,True,0.37040579319000244,0.5295942068099976,False,True,False,False,False
p03160,Description_Fewshot,0.9,0.2,0.55,True,0.6030802726745605,0.0530802726745605,True,True,True,True,False
p03160,Description_Reason,0.9,0.9,0.9,True,0.6805436611175537,0.2194563388824463,True,True,True,True,False
p03160,Description_Simple,0.2,0.9,0.55,True,0.5823625326156616,0.03236253261566158,True,True,True,True,False
p02784,Description_Fewshot,0.2,0.8,0.5,True,0.2780831754207611,0.2219168245792389,False,True,False,False,False
p02784,Description_Reason,0.8,0.2,0.5,True,0.2797165811061859,0.2202834188938141,False,True,False,False,False
p02784,Description_Simple,0.9,0.2,0.55,True,0.29215094447135925,0.2578490555286408,False,True,False,False,False
p02410,Description_Fewshot,0.9,0.2,0.55,True,0.7260488271713257,0.17604882717132564,True,True,True,True,False
p02410,Description_Reason,0.2,0.6,0.4,False,0.6897557973861694,0.2897557973861694,False,False,True,False,False
p02410,Description_Simple,0.6,0.9,0.75,True,0.5917218923568726,0.15827810764312744,True,True,True,True,False
p03416,Description_Fewshot,0.9,0.6,0.75,True,0.39619180560112,0.35380819439888,False,True,False,False,False
p03416,Description_Reason,0.2,0.9,0.55,True,0.4174140989780426,0.13258590102195744,False,True,False,False,False
p03416,Description_Simple,0.6,0.6,0.6,True,0.3775979280471802,0.2224020719528198,False,True,False,False,False
p03494,Description_Fewshot,0.9,0.6,0.75,True,0.5067589282989502,0.2432410717010498,True,True,True,True,False
p03494,Description_Reason,0.0,0.2,0.1,False,0.4324798285961151,0.33247982859611513,True,False,False,False,True
p03494,Description_Simple,0.2,0.9,0.55,True,0.5201491117477417,0.029850888252258345,True,True,True,True,False
p03285,Description_Fewshot,0.9,0.0,0.45,False,0.38255512714385986,0.06744487285614015,True,False,False,False,True
p03285,Description_Reason,0.9,0.9,0.9,True,0.3704538643360138,0.5295461356639862,False,True,False,False,False
p03285,Description_Simple,0.9,0.9,0.9,True,0.38989120721817017,0.5101087927818299,False,True,False,False,False
p02411,Description_Fewshot,0.1,0.9,0.5,True,0.7041160464286804,0.20411604642868042,True,True,True,True,False
p02411,Description_Reason,0.9,0.0,0.45,False,0.678380012512207,0.22838001251220702,False,False,True,False,False
p02411,Description_Simple,0.8,0.1,0.45,False,0.7023357152938843,0.25233571529388427,False,False,True,False,False
p03315,Description_Fewshot,0.9,0.9,0.9,True,0.41545766592025757,0.48454233407974245,False,True,False,False,False
p03315,Description_Reason,0.0,0.9,0.45,False,0.4328615069389343,0.017138493061065685,True,False,False,False,True
p03315,Description_Simple,0.1,0.0,0.05,False,0.4311787784099579,0.3811787784099579,True,False,False,False,True
p03086,Description_Fewshot,0.9,0.8,0.8500000000000001,True,0.6768693923950195,0.17313060760498056,True,True,True,True,False
p03086,Description_Reason,0.0,0.9,0.45,False,0.6519541144371033,0.20195411443710326,False,False,True,False,False
p03086,Description_Simple,0.9,0.1,0.5,True,0.6528894305229187,0.1528894305229187,True,True,True,True,False
p02983,Description_Fewshot,0.9,0.6,0.75,True,0.4346485733985901,0.3153514266014099,False,True,False,False,False
p02983,Description_Reason,0.6,0.6,0.6,True,0.42048344016075134,0.17951655983924864,False,True,False,False,False
p02983,Description_Simple,0.9,0.9,0.9,True,0.43470999598503113,0.4652900040149689,False,True,False,False,False
p02406,Description_Fewshot,0.9,0.9,0.9,True,0.4285639226436615,0.4714360773563385,False,True,False,False,False
p02406,Description_Reason,0.9,0.4,0.65,True,0.4349310100078583,0.21506898999214175,False,True,False,False,False
p02406,Description_Simple,0.5,0.9,0.7,True,0.43673670291900635,0.2632632970809936,False,True,False,False,False
p02988,Description_Fewshot,0.9,0.6,0.75,True,0.492831289768219,0.257168710231781,False,True,False,False,False
p02988,Description_Reason,0.6,0.1,0.35,False,0.4293046295642853,0.0793046295642853,True,False,False,False,True
p02988,Description_Simple,0.1,0.2,0.15000000000000002,False,0.40782439708709717,0.25782439708709715,True,False,False,False,True
p02576,Description_Fewshot,0.6,0.2,0.4,False,0.4294489324092865,0.029448932409286477,True,False,False,False,True
p02576,Description_Reason,0.9,0.9,0.9,True,0.15543483197689056,0.7445651680231095,False,True,False,False,False
p02576,Description_Simple,0.1,0.9,0.5,True,0.4512676000595093,0.04873239994049072,False,True,False,False,False
p03001,Description_Fewshot,0.7,0.1,0.39999999999999997,False,0.4735196828842163,0.07351968288421634,True,False,False,False,True
p03001,Description_Reason,0.0,0.9,0.45,False,0.4823954105377197,0.032395410537719715,True,False,False,False,True
p03001,Description_Simple,0.2,0.7,0.44999999999999996,False,0.4484129548072815,0.0015870451927184615,True,False,False,False,True
p02705,Description_Fewshot,0.6,0.6,0.6,True,0.7740274667739868,0.17402746677398684,True,True,True,True,False
p02705,Description_Reason,0.2,0.1,0.15000000000000002,False,0.7568545937538147,0.6068545937538147,False,False,True,False,False
p02705,Description_Simple,0.6,0.8,0.7,True,0.7583335638046265,0.05833356380462651,True,True,True,True,False
p00001,Description_Fewshot,0.9,0.1,0.5,True,0.5780337452888489,0.07803374528884888,True,True,True,True,False
p00001,Description_Reason,0.8,0.9,0.8500000000000001,True,0.5959275364875793,0.25407246351242074,True,True,True,True,False
p00001,Description_Simple,0.6,0.7,0.6499999999999999,True,0.5642228126525879,0.08577718734741202,True,True,True,True,False
p02836,Description_Fewshot,0.9,0.2,0.55,True,0.3998015224933624,0.15019847750663762,False,True,False,False,False
p02836,Description_Reason,0.9,0.9,0.9,True,0.4591591954231262,0.4408408045768738,False,True,False,False,False
p02836,Description_Simple,0.9,0.9,0.9,True,0.36619865894317627,0.5338013410568238,False,True,False,False,False
p02995,Description_Fewshot,0.9,0.6,0.75,True,0.6383737325668335,0.1116262674331665,True,True,True,True,False
p02995,Description_Reason,0.2,0.9,0.55,True,0.5908376574516296,0.040837657451629594,True,True,True,True,False
p02995,Description_Simple,0.6,0.2,0.4,False,0.5677933692932129,0.16779336929321287,False,False,True,False,False
p02681,Description_Fewshot,0.2,0.6,0.4,False,0.4416060447692871,0.04160604476928709,True,False,False,False,True
p02681,Description_Reason,0.6,0.9,0.75,True,0.4151005744934082,0.3348994255065918,False,True,False,False,False
p02681,Description_Simple,0.7,0.9,0.8,True,0.3799675703048706,0.42003242969512944,False,True,False,False,False
p02400,Description_Fewshot,0.1,0.9,0.5,True,0.7640733122825623,0.26407331228256226,True,True,True,True,False
p02400,Description_Reason,0.0,0.9,0.45,False,0.7696176767349243,0.3196176767349243,False,False,True,False,False
p02400,Description_Simple,0.2,0.2,0.2,False,0.6798062324523926,0.47980623245239257,False,False,True,False,False
p03545,Description_Fewshot,0.9,0.1,0.5,True,0.4698372483253479,0.0301627516746521,False,True,False,False,False
p03545,Description_Reason,0.1,0.1,0.1,False,0.46339213848114014,0.36339213848114016,True,False,False,False,True
p03545,Description_Simple,0.9,0.1,0.5,True,0.4540249705314636,0.04597502946853638,False,True,False,False,False
p02989,Description_Fewshot,0.6,0.1,0.35,False,0.4312574863433838,0.08125748634338381,True,False,False,False,True
p02989,Description_Reason,0.2,0.1,0.15000000000000002,False,0.3897050619125366,0.2397050619125366,True,False,False,False,True
p02989,Description_Simple,0.6,0.0,0.3,False,0.43438056111335754,0.13438056111335756,True,False,False,False,True
p03059,Description_Fewshot,0.9,0.1,0.5,True,0.37482377886772156,0.12517622113227844,False,True,False,False,False
p03059,Description_Reason,0.0,0.2,0.1,False,0.34236475825309753,0.24236475825309753,True,False,False,False,True
p03059,Description_Simple,0.1,0.6,0.35,False,0.3047313392162323,0.04526866078376768,True,False,False,False,True
p02622,Description_Fewshot,0.9,0.9,0.9,True,0.2664782404899597,0.6335217595100403,False,True,False,False,False
p02622,Description_Reason,0.9,0.9,0.9,True,0.41936182975769043,0.4806381702423096,False,True,False,False,False
p02622,Description_Simple,0.1,0.6,0.35,False,0.39264923334121704,0.04264923334121706,True,False,False,False,True
p02935,Description_Fewshot,0.6,0.9,0.75,True,0.4797936677932739,0.2702063322067261,False,True,False,False,False
p02935,Description_Reason,0.9,0.6,0.75,True,0.45940932631492615,0.29059067368507385,False,True,False,False,False
p02935,Description_Simple,0.6,0.3,0.44999999999999996,False,0.4188985228538513,0.031101477146148637,True,False,False,False,True
p02595,Description_Fewshot,0.2,0.9,0.55,True,0.650600790977478,0.10060079097747798,True,True,True,True,False
p02595,Description_Reason,0.0,0.2,0.1,False,0.6698492765426636,0.5698492765426636,False,False,True,False,False
p02595,Description_Simple,0.4,0.6,0.5,True,0.6435570120811462,0.14355701208114624,True,True,True,True,False
p02785,Description_Fewshot,0.7,0.7,0.7,True,0.39776766300201416,0.3022323369979858,False,True,False,False,False
p02785,Description_Reason,0.9,0.6,0.75,True,0.37173721194267273,0.37826278805732727,False,True,False,False,False
p02785,Description_Simple,0.9,0.9,0.9,True,0.41886043548583984,0.4811395645141602,False,True,False,False,False
p03146,Description_Fewshot,0.6,0.9,0.75,True,0.37291067838668823,0.37708932161331177,False,True,False,False,False
p03146,Description_Reason,0.5,0.6,0.55,True,0.37772896885871887,0.17227103114128117,False,True,False,False,False
p03146,Description_Simple,0.2,0.2,0.2,False,0.3587110638618469,0.1587110638618469,True,False,False,False,True
p03073,Description_Fewshot,0.2,0.0,0.1,False,0.5357478260993958,0.4357478260993958,False,False,True,False,False
p03073,Description_Reason,0.2,0.6,0.4,False,0.4968453049659729,0.09684530496597288,True,False,False,False,True
p03073,Description_Simple,0.9,0.2,0.55,True,0.4443306624889374,0.10566933751106267,False,True,False,False,False
p02754,Description_Fewshot,0.6,0.3,0.44999999999999996,False,0.36023998260498047,0.08976001739501949,True,False,False,False,True
p02754,Description_Reason,0.2,0.9,0.55,True,0.3677166700363159,0.18228332996368413,False,True,False,False,False
p02754,Description_Simple,0.9,0.2,0.55,True,0.372808575630188,0.17719142436981206,False,True,False,False,False
p03147,Description_Fewshot,0.6,0.2,0.4,False,0.42090797424316406,0.02090797424316404,True,False,False,False,True
p03147,Description_Reason,0.2,0.2,0.2,False,0.4161953628063202,0.21619536280632018,True,False,False,False,True
p03147,Description_Simple,0.2,0.6,0.4,False,0.49022334814071655,0.09022334814071653,True,False,False,False,True
p03106,Description_Fewshot,0.2,0.9,0.55,True,0.6772633194923401,0.12726331949234004,True,True,True,True,False
p03106,Description_Reason,0.8,0.6,0.7,True,0.5583215951919556,0.1416784048080444,True,True,True,True,False
p03106,Description_Simple,0.9,0.6,0.75,True,0.6605905890464783,0.08940941095352173,True,True,True,True,False
p04043,Description_Fewshot,0.6,0.9,0.75,True,0.5096081495285034,0.24039185047149658,True,True,True,True,False
p04043,Description_Reason,0.6,0.6,0.6,True,0.45029202103614807,0.1497079789638519,False,True,False,False,False
p04043,Description_Simple,0.8,0.6,0.7,True,0.45056530833244324,0.24943469166755672,False,True,False,False,False
p03161,Description_Fewshot,0.9,0.8,0.8500000000000001,True,0.5483279228210449,0.30167207717895517,True,True,True,True,False
p03161,Description_Reason,0.6,0.9,0.75,True,0.48669716715812683,0.26330283284187317,False,True,False,False,False
p03161,Description_Simple,0.9,0.9,0.9,True,0.544173538684845,0.35582646131515505,True,True,True,True,False
p02412,Description_Fewshot,0.9,0.6,0.75,True,0.6829140186309814,0.06708598136901855,True,True,True,True,False
p02412,Description_Reason,0.6,0.8,0.7,True,0.6565647721290588,0.04343522787094112,True,True,True,True,False
p02412,Description_Simple,0.9,0.8,0.8500000000000001,True,0.5976354479789734,0.2523645520210267,True,True,True,True,False
p02899,Description_Fewshot,0.0,0.6,0.3,False,0.29310858249664307,0.0068914175033569225,True,False,False,False,True
p02899,Description_Reason,0.8,0.0,0.4,False,0.33003154397010803,0.06996845602989199,True,False,False,False,True
p02899,Description_Simple,0.8,0.0,0.4,False,0.27538639307022095,0.12461360692977907,True,False,False,False,True
p02552,Description_Fewshot,0.1,0.9,0.5,True,0.5692535638809204,0.06925356388092041,True,True,True,True,False
p02552,Description_Reason,0.6,0.6,0.6,True,0.5643279552459717,0.0356720447540283,True,True,True,True,False
p02552,Description_Simple,0.0,0.6,0.3,False,0.5935053825378418,0.2935053825378418,False,False,True,False,False
p02767,Description_Fewshot,0.6,0.0,0.3,False,0.3374888598918915,0.03748885989189149,True,False,False,False,True
p02767,Description_Reason,0.1,0.0,0.05,False,0.37051594257354736,0.3205159425735474,True,False,False,False,True
p02767,Description_Simple,0.1,0.8,0.45,False,0.3742744028568268,0.07572559714317323,True,False,False,False,True
p02675,Description_Fewshot,0.6,0.2,0.4,False,0.4451247453689575,0.0451247453689575,True,False,False,False,True
p02675,Description_Reason,0.6,0.0,0.3,False,0.4656718373298645,0.1656718373298645,True,False,False,False,True
p02675,Description_Simple,0.2,0.2,0.2,False,0.4984445869922638,0.2984445869922638,True,False,False,False,True
p02773,Description_Fewshot,0.6,0.9,0.75,True,0.5643683671951294,0.1856316328048706,True,True,True,True,False
p02773,Description_Reason,0.9,0.2,0.55,True,0.5891071557998657,0.03910715579986568,True,True,True,True,False
p02773,Description_Simple,0.6,0.9,0.75,True,0.4926178753376007,0.2573821246623993,False,True,False,False,False
p02946,Description_Fewshot,0.3,0.3,0.3,False,0.37400177121162415,0.07400177121162416,True,False,False,False,True
p02946,Description_Reason,0.3,0.6,0.44999999999999996,False,0.3335897922515869,0.11641020774841304,True,False,False,False,True
p02946,Description_Simple,0.5,0.9,0.7,True,0.3938642740249634,0.3061357259750366,False,True,False,False,False
p02917,Description_Fewshot,0.9,0.6,0.75,True,0.5385218262672424,0.21147817373275757,True,True,True,True,False
p02917,Description_Reason,0.6,0.0,0.3,False,0.503553569316864,0.20355356931686402,False,False,True,False,False
p02917,Description_Simple,0.9,0.0,0.45,False,0.5645182132720947,0.11451821327209472,False,False,True,False,False
p02397,Description_Fewshot,0.0,0.4,0.2,False,0.6308181285858154,0.4308181285858154,False,False,True,False,False
p02397,Description_Reason,0.0,0.9,0.45,False,0.5336912274360657,0.08369122743606566,False,False,True,False,False
p02397,Description_Simple,0.9,0.8,0.8500000000000001,True,0.5341981649398804,0.3158018350601197,True,True,True,True,False
p02553,Description_Fewshot,0.0,0.9,0.45,False,0.6644737720489502,0.21447377204895018,False,False,True,False,False
p02553,Description_Reason,0.9,0.9,0.9,True,0.5869303941726685,0.31306960582733157,True,True,True,True,False
p02553,Description_Simple,0.9,0.0,0.45,False,0.6816093921661377,0.23160939216613768,False,False,True,False,False
p02723,Description_Fewshot,0.2,0.1,0.15000000000000002,False,0.3896460235118866,0.23964602351188657,True,False,False,False,True
p02723,Description_Reason,0.1,0.9,0.5,True,0.5226737260818481,0.022673726081848145,True,True,True,True,False
p02723,Description_Simple,0.3,0.4,0.35,False,0.4270898401737213,0.07708984017372134,True,False,False,False,True
p03136,Description_Fewshot,0.8,0.8,0.8,True,0.4020369052886963,0.39796309471130376,False,True,False,False,False
p03136,Description_Reason,0.9,0.8,0.8500000000000001,True,0.6218469738960266,0.22815302610397348,True,True,True,True,False
p03136,Description_Simple,0.9,0.9,0.9,True,0.5989216566085815,0.3010783433914185,True,True,True,True,False
p02971,Description_Fewshot,0.0,0.1,0.05,False,0.5793050527572632,0.5293050527572631,False,False,True,False,False
p02971,Description_Reason,0.9,0.9,0.9,True,0.5256252884864807,0.3743747115135193,True,True,True,True,False
p02971,Description_Simple,0.9,0.0,0.45,False,0.5516577959060669,0.10165779590606688,False,False,True,False,False
p02688,Description_Fewshot,0.9,0.9,0.9,True,0.44360125064849854,0.4563987493515015,False,True,False,False,False
p02688,Description_Reason,0.3,0.2,0.25,False,0.4538673460483551,0.2038673460483551,True,False,False,False,True
p02688,Description_Simple,0.9,0.1,0.5,True,0.40119925141334534,0.09880074858665466,False,True,False,False,False
p03243,Description_Fewshot,0.9,0.3,0.6,True,0.38326671719551086,0.2167332828044891,False,True,False,False,False
p03243,Description_Reason,0.1,0.9,0.5,True,0.4432631731033325,0.05673682689666748,False,True,False,False,False
p03243,Description_Simple,0.2,0.9,0.55,True,0.35253649950027466,0.1974635004997254,False,True,False,False,False
p02910,Description_Fewshot,0.4,0.6,0.5,True,0.4547502398490906,0.045249760150909424,False,True,False,False,False
p02910,Description_Reason,0.6,0.4,0.5,True,0.3769036829471588,0.12309631705284119,False,True,False,False,False
p02910,Description_Simple,0.4,0.6,0.5,True,0.4616268575191498,0.03837314248085022,False,True,False,False,False
p03775,Description_Fewshot,0.8,0.8,0.8,True,0.4146726727485657,0.38532732725143437,False,True,False,False,False
p03775,Description_Reason,0.8,0.9,0.8500000000000001,True,0.3811030089855194,0.4688969910144807,False,True,False,False,False
p03775,Description_Simple,0.6,0.3,0.44999999999999996,False,0.428560346364975,0.02143965363502498,True,False,False,False,True
p03060,Description_Fewshot,0.6,0.6,0.6,True,0.4115231931209564,0.18847680687904356,False,True,False,False,False
p03060,Description_Reason,0.6,0.8,0.7,True,0.3698893189430237,0.3301106810569763,False,True,False,False,False
p03060,Description_Simple,0.6,0.6,0.6,True,0.5585758686065674,0.041424131393432595,True,True,True,True,False
p02725,Description_Fewshot,0.2,0.6,0.4,False,0.4918048083782196,0.09180480837821958,True,False,False,False,True
p02725,Description_Reason,0.8,0.9,0.8500000000000001,True,0.5146569013595581,0.335343098640442,True,True,True,True,False
p02725,Description_Simple,0.6,0.8,0.7,True,0.5151203274726868,0.1848796725273132,True,True,True,True,False
p00007,Description_Fewshot,0.9,0.2,0.55,True,0.5416449308395386,0.00835506916046147,True,True,True,True,False
p00007,Description_Reason,0.2,0.3,0.25,False,0.5645349621772766,0.3145349621772766,False,False,True,False,False
p00007,Description_Simple,0.3,0.1,0.2,False,0.5123891830444336,0.3123891830444336,False,False,True,False,False
p02947,Description_Fewshot,0.1,0.9,0.5,True,0.5491729974746704,0.04917299747467041,True,True,True,True,False
p02947,Description_Reason,0.9,0.0,0.45,False,0.7079814076423645,0.2579814076423645,False,False,True,False,False
p02947,Description_Simple,0.0,0.9,0.45,False,0.6815740466117859,0.23157404661178588,False,False,True,False,False
p02802,Description_Fewshot,0.9,0.9,0.9,True,0.1824352741241455,0.7175647258758545,False,True,False,False,False
p02802,Description_Reason,0.0,0.1,0.05,False,0.16815197467803955,0.11815197467803955,True,False,False,False,True
p02802,Description_Simple,0.0,0.9,0.45,False,0.15811417996883392,0.2918858200311661,True,False,False,False,True
p02394,Description_Fewshot,0.2,0.6,0.4,False,0.3656269311904907,0.0343730688095093,True,False,False,False,True
p02394,Description_Reason,0.6,0.0,0.3,False,0.37310296297073364,0.07310296297073365,True,False,False,False,True
p02394,Description_Simple,0.1,0.0,0.05,False,0.3029046952724457,0.2529046952724457,True,False,False,False,True
p03471,Description_Fewshot,0.6,0.6,0.6,True,0.3137640655040741,0.2862359344959259,False,True,False,False,False
p03471,Description_Reason,0.1,0.1,0.1,False,0.3972531259059906,0.2972531259059906,True,False,False,False,True
p03471,Description_Simple,0.9,0.0,0.45,False,0.38122138381004333,0.06877861618995668,True,False,False,False,True
p02390,Description_Fewshot,0.0,0.6,0.3,False,0.41547104716300964,0.11547104716300965,True,False,False,False,True
p02390,Description_Reason,0.0,0.6,0.3,False,0.3052857220172882,0.005285722017288219,True,False,False,False,True
p02390,Description_Simple,0.9,0.0,0.45,False,0.3015422523021698,0.1484577476978302,True,False,False,False,True
p03107,Description_Fewshot,0.0,0.1,0.05,False,0.36829084157943726,0.31829084157943727,True,False,False,False,True
p03107,Description_Reason,0.3,0.4,0.35,False,0.2756703197956085,0.07432968020439146,True,False,False,False,True
p03107,Description_Simple,0.9,0.6,0.75,True,0.31086060404777527,0.43913939595222473,False,True,False,False,False
p02707,Description_Fewshot,0.9,0.9,0.9,True,0.34866487979888916,0.5513351202011109,False,True,False,False,False
p02707,Description_Reason,0.6,0.9,0.75,True,0.278334379196167,0.471665620803833,False,True,False,False,False
p02707,Description_Simple,0.4,0.1,0.25,False,0.37645086646080017,0.12645086646080017,True,False,False,False,True
p02898,Description_Fewshot,0.0,0.6,0.3,False,0.3368684649467468,0.03686846494674684,True,False,False,False,True
p02898,Description_Reason,0.6,0.0,0.3,False,0.31366273760795593,0.013662737607955944,True,False,False,False,True
p02898,Description_Simple,0.9,0.8,0.8500000000000001,True,0.3486734926700592,0.5013265073299409,False,True,False,False,False
p03470,Description_Fewshot,0.1,0.9,0.5,True,0.4944605827331543,0.005539417266845703,False,True,False,False,False
p03470,Description_Reason,0.9,0.5,0.7,True,0.44647589325904846,0.2535241067409515,False,True,False,False,False
p03470,Description_Simple,0.9,0.4,0.65,True,0.4694814682006836,0.18051853179931643,False,True,False,False,False
p03720,Description_Fewshot,0.6,0.9,0.75,True,0.31633004546165466,0.43366995453834534,False,True,False,False,False
p03720,Description_Reason,0.4,0.9,0.65,True,0.3756130039691925,0.2743869960308075,False,True,False,False,False
p03720,Description_Simple,0.9,0.4,0.65,True,0.35884642601013184,0.2911535739898682,False,True,False,False,False
p02676,Description_Fewshot,0.6,0.6,0.6,True,0.40696707367897034,0.19303292632102964,False,True,False,False,False
p02676,Description_Reason,0.8,0.8,0.8,True,0.375724196434021,0.42427580356597905,False,True,False,False,False
p02676,Description_Simple,0.6,0.6,0.6,True,0.3822782337665558,0.2177217662334442,False,True,False,False,False
p03316,Description_Fewshot,0.6,0.6,0.6,True,0.6656284332275391,0.06562843322753908,True,True,True,True,False
p03316,Description_Reason,0.6,0.6,0.6,True,0.647611141204834,0.04761114120483401,True,True,True,True,False
p03316,Description_Simple,0.6,0.6,0.6,True,0.6623666286468506,0.06236662864685061,True,True,True,True,False
p02916,Description_Fewshot,0.9,0.6,0.75,True,0.4377087652683258,0.3122912347316742,False,True,False,False,False
p02916,Description_Reason,0.9,0.6,0.75,True,0.3436104655265808,0.4063895344734192,False,True,False,False,False
p02916,Description_Simple,0.6,0.8,0.7,True,0.3869706988334656,0.3130293011665344,False,True,False,False,False
p02819,Description_Fewshot,0.2,0.6,0.4,False,0.60919588804245,0.20919588804244993,False,False,True,False,False
p02819,Description_Reason,0.6,0.8,0.7,True,0.5884526968002319,0.11154730319976802,True,True,True,True,False
p02819,Description_Simple,0.6,0.9,0.75,True,0.5443832874298096,0.20561671257019043,True,True,True,True,False
p03435,Description_Fewshot,0.0,0.2,0.1,False,0.47034403681755066,0.3703440368175507,True,False,False,False,True
p03435,Description_Reason,0.6,0.6,0.6,True,0.4772317409515381,0.12276825904846189,False,True,False,False,False
p03435,Description_Simple,0.6,0.2,0.4,False,0.3967328667640686,0.0032671332359314187,True,False,False,False,True
p02259,Description_Fewshot,0.1,0.9,0.5,True,0.4778096675872803,0.022190332412719727,False,True,False,False,False
p02259,Description_Reason,0.9,0.9,0.9,True,0.5278686285018921,0.37213137149810793,True,True,True,True,False
p02259,Description_Simple,0.9,0.9,0.9,True,0.5378015637397766,0.3621984362602234,True,True,True,True,False
p03998,Description_Fewshot,0.2,0.6,0.4,False,0.5525288581848145,0.15252885818481443,False,False,True,False,False
p03998,Description_Reason,0.9,0.2,0.55,True,0.49938517808914185,0.0506148219108582,False,True,False,False,False
p03998,Description_Simple,0.9,0.1,0.5,True,0.5378159880638123,0.037815988063812256,True,True,True,True,False
p02627,Description_Fewshot,0.9,0.8,0.8500000000000001,True,0.8191439509391785,0.030856049060821622,True,True,True,True,False
p02627,Description_Reason,0.8,0.6,0.7,True,0.7200783491134644,0.0200783491134644,True,True,True,True,False
p02627,Description_Simple,0.6,0.9,0.75,True,0.7419582009315491,0.008041799068450928,True,True,True,True,False
p02835,Description_Fewshot,0.9,0.9,0.9,True,0.612729549407959,0.28727045059204104,True,True,True,True,False
p02835,Description_Reason,0.9,0.9,0.9,True,0.5980062484741211,0.30199375152587893,True,True,True,True,False
p02835,Description_Simple,0.3,0.9,0.6,True,0.5856481790542603,0.014351820945739724,True,True,True,True,False
p02413,Description_Fewshot,0.8,0.7,0.75,True,0.7377920150756836,0.012207984924316406,True,True,True,True,False
p02413,Description_Reason,0.6,0.4,0.5,True,0.6921460628509521,0.19214606285095215,True,True,True,True,False
p02413,Description_Simple,0.6,0.9,0.75,True,0.6611114144325256,0.08888858556747437,True,True,True,True,False
p02724,Description_Fewshot,0.6,0.3,0.44999999999999996,False,0.2083481401205063,0.24165185987949367,True,False,False,False,True
p02724,Description_Reason,0.6,0.6,0.6,True,0.21704691648483276,0.3829530835151672,False,True,False,False,False
p02724,Description_Simple,0.9,0.0,0.45,False,0.3260740339756012,0.12392596602439881,True,False,False,False,True
p03478,Description_Fewshot,0.0,0.0,0.0,False,0.5639420747756958,0.5639420747756958,False,False,True,False,False
p03478,Description_Reason,0.2,0.6,0.4,False,0.5235070586204529,0.12350705862045286,False,False,True,False,False
p03478,Description_Simple,0.0,0.6,0.3,False,0.5664526224136353,0.26645262241363527,False,False,True,False,False
p03493,Description_Fewshot,0.3,0.9,0.6,True,0.667744517326355,0.067744517326355,True,True,True,True,False
p03493,Description_Reason,0.9,0.9,0.9,True,0.468608021736145,0.431391978263855,False,True,False,False,False
p03493,Description_Simple,0.3,0.6,0.44999999999999996,False,0.5395912528038025,0.08959125280380253,False,False,True,False,False
p02613,Description_Fewshot,0.6,0.1,0.35,False,0.5517311096191406,0.20173110961914065,False,False,True,False,False
p02613,Description_Reason,0.9,0.9,0.9,True,0.4832579493522644,0.4167420506477356,False,True,False,False,False
p02613,Description_Simple,0.6,0.9,0.75,True,0.46141260862350464,0.28858739137649536,False,True,False,False,False
p03360,Description_Fewshot,0.7,0.6,0.6499999999999999,True,0.5595573782920837,0.09044262170791617,True,True,True,True,False
p03360,Description_Reason,0.6,0.6,0.6,True,0.6504355072975159,0.05043550729751589,True,True,True,True,False
p03360,Description_Simple,0.9,0.0,0.45,False,0.557971179485321,0.10797117948532103,False,False,True,False,False
p02256,Description_Fewshot,0.9,0.9,0.9,True,0.8059630990028381,0.09403690099716189,True,True,True,True,False
p02256,Description_Reason,0.3,0.9,0.6,True,0.8361297249794006,0.23612972497940066,True,True,True,True,False
p02256,Description_Simple,0.9,0.9,0.9,True,0.793763279914856,0.10623672008514407,True,True,True,True,False
p02829,Description_Fewshot,0.9,0.9,0.9,True,0.6754674315452576,0.22453256845474245,True,True,True,True,False
p02829,Description_Reason,0.9,0.3,0.6,True,0.6488519906997681,0.04885199069976809,True,True,True,True,False
p02829,Description_Simple,0.9,0.9,0.9,True,0.7235205769538879,0.17647942304611208,True,True,True,True,False
p02801,Description_Fewshot,0.9,0.9,0.9,True,0.6550636291503906,0.2449363708496094,True,True,True,True,False
p02801,Description_Reason,0.4,0.9,0.65,True,0.5585451722145081,0.09145482778549197,True,True,True,True,False
p02801,Description_Simple,0.9,0.4,0.65,True,0.6036677956581116,0.04633220434188845,True,True,True,True,False
p03012,Description_Fewshot,0.1,0.6,0.35,False,0.5191428065299988,0.1691428065299988,False,False,True,False,False
p03012,Description_Reason,0.1,0.1,0.1,False,0.49047932028770447,0.3904793202877045,True,False,False,False,True
p03012,Description_Simple,0.7,0.6,0.6499999999999999,True,0.5160208940505981,0.13397910594940177,True,True,True,True,False
p03835,Description_Fewshot,0.6,0.4,0.5,True,0.48760271072387695,0.012397289276123047,False,True,False,False,False
p03835,Description_Reason,0.9,0.7,0.8,True,0.48590096831321716,0.3140990316867829,False,True,False,False,False
p03835,Description_Simple,0.6,0.1,0.35,False,0.4738733768463135,0.1238733768463135,True,False,False,False,True
p02408,Description_Fewshot,0.2,0.0,0.1,False,0.25748080015182495,0.15748080015182495,True,False,False,False,True
p02408,Description_Reason,0.6,0.6,0.6,True,0.26085397601127625,0.33914602398872373,False,True,False,False,False
p02408,Description_Simple,0.2,0.5,0.35,False,0.28353220224380493,0.06646779775619505,True,False,False,False,True
p03474,Description_Fewshot,0.0,0.2,0.1,False,0.5399093627929688,0.43990936279296877,False,False,True,False,False
p03474,Description_Reason,0.2,0.2,0.2,False,0.5332255363464355,0.33322553634643554,False,False,True,False,False
p03474,Description_Simple,0.6,0.2,0.4,False,0.5332959890365601,0.13329598903656004,False,False,True,False,False
p02712,Description_Fewshot,0.5,0.6,0.55,True,0.41266220808029175,0.1373377919197083,False,True,False,False,False
p02712,Description_Reason,0.6,0.1,0.35,False,0.40769657492637634,0.057696574926376365,True,False,False,False,True
p02712,Description_Simple,0.1,0.6,0.35,False,0.295401394367218,0.05459860563278196,True,False,False,False,True
p02778,Description_Fewshot,0.9,0.2,0.55,True,0.4437311291694641,0.10626887083053593,False,True,False,False,False
p02778,Description_Reason,0.9,0.6,0.75,True,0.31230267882347107,0.43769732117652893,False,True,False,False,False
p02778,Description_Simple,0.6,0.9,0.75,True,0.486361563205719,0.263638436794281,False,True,False,False,False
p02268,Description_Fewshot,0.9,0.3,0.6,True,0.44709521532058716,0.15290478467941282,False,True,False,False,False
p02268,Description_Reason,0.3,0.9,0.6,True,0.36035871505737305,0.23964128494262693,False,True,False,False,False
p02268,Description_Simple,0.6,0.9,0.75,True,0.3863697946071625,0.3636302053928375,False,True,False,False,False
p03289,Description_Fewshot,0.9,0.6,0.75,True,0.5167149305343628,0.2332850694656372,True,True,True,True,False
p03289,Description_Reason,0.6,0.9,0.75,True,0.5462853908538818,0.20371460914611816,True,True,True,True,False
p03289,Description_Simple,0.9,0.9,0.9,True,0.537497878074646,0.362502121925354,True,True,True,True,False
p02381,Description_Fewshot,0.9,0.9,0.9,True,0.6257376670837402,0.2742623329162598,True,True,True,True,False
p02381,Description_Reason,0.6,0.9,0.75,True,0.5935413241386414,0.15645867586135864,True,True,True,True,False
p02381,Description_Simple,0.6,0.7,0.6499999999999999,True,0.6224039793014526,0.027596020698547274,True,True,True,True,False
p03695,Description_Fewshot,0.9,0.6,0.75,True,0.599425733089447,0.15057426691055298,True,True,True,True,False
p03695,Description_Reason,0.9,0.9,0.9,True,0.6095737814903259,0.2904262185096741,True,True,True,True,False
p03695,Description_Simple,0.9,0.9,0.9,True,0.48975181579589844,0.4102481842041016,False,True,False,False,False
p02772,Description_Fewshot,0.9,0.9,0.9,True,0.660752534866333,0.23924746513366701,True,True,True,True,False
p02772,Description_Reason,0.9,0.9,0.9,True,0.6851100921630859,0.21488990783691408,True,True,True,True,False
p02772,Description_Simple,0.9,0.3,0.6,True,0.7500130534172058,0.15001305341720583,True,True,True,True,False
p02629,Description_Fewshot,0.6,0.9,0.75,True,0.555313766002655,0.19468623399734497,True,True,True,True,False
p02629,Description_Reason,0.9,0.9,0.9,True,0.5790964961051941,0.32090350389480593,True,True,True,True,False
p02629,Description_Simple,0.9,0.9,0.9,True,0.5809353590011597,0.31906464099884035,True,True,True,True,False
p02255,Description_Fewshot,0.2,0.1,0.15000000000000002,False,0.6380305290222168,0.4880305290222168,False,False,True,False,False
p02255,Description_Reason,0.2,0.9,0.55,True,0.6608033180236816,0.1108033180236816,True,True,True,True,False
p02255,Description_Simple,0.9,0.2,0.55,True,0.6475780606269836,0.0975780606269836,True,True,True,True,False
p02777,Description_Fewshot,0.9,0.9,0.9,True,0.24177251756191254,0.6582274824380875,False,True,False,False,False
p02777,Description_Reason,0.6,0.9,0.75,True,0.2526431977748871,0.4973568022251129,False,True,False,False,False
p02777,Description_Simple,0.9,0.3,0.6,True,0.20104247331619263,0.39895752668380735,False,True,False,False,False
p02260,Description_Fewshot,0.6,0.9,0.75,True,0.7271463871002197,0.022853612899780273,True,True,True,True,False
p02260,Description_Reason,0.9,0.9,0.9,True,0.6741749048233032,0.2258250951766968,True,True,True,True,False
p02260,Description_Simple,0.1,0.9,0.5,True,0.6640020608901978,0.16400206089019775,True,True,True,True,False
p03378,Description_Fewshot,0.9,0.9,0.9,True,0.4820464551448822,0.4179535448551178,False,True,False,False,False
p03378,Description_Reason,0.9,0.9,0.9,True,0.5764572024345398,0.3235427975654602,True,True,True,True,False
p03378,Description_Simple,0.6,0.6,0.6,True,0.501104474067688,0.09889552593231199,True,True,True,True,False
p03126,Description_Fewshot,0.9,0.8,0.8500000000000001,True,0.39595669507980347,0.4540433049201966,False,True,False,False,False
p03126,Description_Reason,0.6,0.6,0.6,True,0.39625227451324463,0.20374772548675535,False,True,False,False,False
p03126,Description_Simple,0.8,0.6,0.7,True,0.39890849590301514,0.3010915040969848,False,True,False,False,False
p02755,Description_Fewshot,0.6,0.0,0.3,False,0.5439715385437012,0.24397153854370118,False,False,True,False,False
p02755,Description_Reason,0.1,0.0,0.05,False,0.5106625556945801,0.4606625556945801,False,False,True,False,False
p02755,Description_Simple,0.2,0.2,0.2,False,0.47707393765449524,0.27707393765449523,True,False,False,False,True
p02730,Description_Fewshot,0.2,0.2,0.2,False,0.4457293152809143,0.2457293152809143,True,False,False,False,True
p02730,Description_Reason,0.2,0.0,0.1,False,0.4598160684108734,0.35981606841087344,True,False,False,False,True
p02730,Description_Simple,0.2,0.2,0.2,False,0.4034999907016754,0.2034999907016754,True,False,False,False,True
p02719,Description_Fewshot,0.1,0.2,0.15000000000000002,False,0.6094018220901489,0.4594018220901489,False,False,True,False,False
p02719,Description_Reason,0.9,0.3,0.6,True,0.4027478098869324,0.1972521901130676,False,True,False,False,False
p02719,Description_Simple,0.2,0.9,0.55,True,0.5735053420066833,0.023505342006683305,True,True,True,True,False
p02830,Description_Fewshot,0.1,0.6,0.35,False,0.5626224279403687,0.21262242794036867,False,False,True,False,False
p02830,Description_Reason,0.9,0.9,0.9,True,0.5041713118553162,0.39582868814468386,True,True,True,True,False
p02830,Description_Simple,0.6,0.9,0.75,True,0.40928182005882263,0.34071817994117737,False,True,False,False,False
p02952,Description_Fewshot,0.9,0.9,0.9,True,0.7059839367866516,0.1940160632133484,True,True,True,True,False
p02952,Description_Reason,0.6,0.6,0.6,True,0.7105217576026917,0.11052175760269167,True,True,True,True,False
p02952,Description_Simple,0.9,0.9,0.9,True,0.7124916315078735,0.1875083684921265,True,True,True,True,False
p00005,Description_Fewshot,0.9,0.9,0.9,True,0.8353608846664429,0.06463911533355715,True,True,True,True,False
p00005,Description_Reason,0.4,0.1,0.25,False,0.804624617099762,0.554624617099762,False,False,True,False,False
p00005,Description_Simple,0.4,0.9,0.65,True,0.7577173113822937,0.10771731138229368,True,True,True,True,False
p03457,Description_Fewshot,0.0,0.4,0.2,False,0.654069721698761,0.454069721698761,False,False,True,False,False
p03457,Description_Reason,0.9,0.9,0.9,True,0.5583464503288269,0.3416535496711731,True,True,True,True,False
p03457,Description_Simple,0.4,0.4,0.4,False,0.5978171229362488,0.19781712293624876,False,False,True,False,False
p03043,Description_Fewshot,0.0,0.0,0.0,False,0.1370101273059845,0.1370101273059845,True,False,False,False,True
p03043,Description_Reason,0.0,0.0,0.0,False,0.3337506055831909,0.3337506055831909,True,False,False,False,True
p03043,Description_Simple,0.1,0.0,0.05,False,0.37419283390045166,0.32419283390045167,True,False,False,False,True
p03449,Description_Fewshot,0.9,0.0,0.45,False,0.6111719608306885,0.16117196083068847,False,False,True,False,False
p03449,Description_Reason,0.0,0.0,0.0,False,0.5249331593513489,0.5249331593513489,False,False,True,False,False
p03449,Description_Simple,0.6,0.6,0.6,True,0.6053847074508667,0.005384707450866721,True,True,True,True,False
p02547,Description_Fewshot,0.8,0.6,0.7,True,0.6518029570579529,0.048197042942047075,True,True,True,True,False
p02547,Description_Reason,0.6,0.4,0.5,True,0.5174447894096375,0.01744478940963745,True,True,True,True,False
p02547,Description_Simple,0.0,0.8,0.4,False,0.574320375919342,0.17432037591934202,False,False,True,False,False
p02759,Description_Fewshot,0.0,0.0,0.0,False,0.17414437234401703,0.17414437234401703,True,False,False,False,True
p02759,Description_Reason,0.9,0.8,0.8500000000000001,True,0.21773578226566315,0.6322642177343369,False,True,False,False,False
p02759,Description_Simple,0.6,0.9,0.75,True,0.19455468654632568,0.5554453134536743,False,True,False,False,False
p02694,Description_Fewshot,0.8,0.0,0.4,False,0.6110422611236572,0.2110422611236572,False,False,True,False,False
p02694,Description_Reason,0.9,0.0,0.45,False,0.5499295592308044,0.09992955923080443,False,False,True,False,False
p02694,Description_Simple,0.0,0.9,0.45,False,0.5372432470321655,0.08724324703216552,False,False,True,False,False
p03072,Description_Fewshot,0.0,0.6,0.3,False,0.5757678151130676,0.27576781511306764,False,False,True,False,False
p03072,Description_Reason,0.9,0.6,0.75,True,0.4741663336753845,0.2758336663246155,False,True,False,False,False
p03072,Description_Simple,0.9,0.9,0.9,True,0.4413495659828186,0.4586504340171814,False,True,False,False,False
p02401,Description_Fewshot,0.9,0.3,0.6,True,0.7592215538024902,0.15922155380249026,True,True,True,True,False
p02401,Description_Reason,0.6,0.9,0.75,True,0.6852399110794067,0.06476008892059326,True,True,True,True,False
p02401,Description_Simple,0.3,0.2,0.25,False,0.6692915558815002,0.41929155588150024,False,False,True,False,False
p02257,Description_Fewshot,0.9,0.9,0.9,True,0.7950809001922607,0.10491909980773928,True,True,True,True,False
p02257,Description_Reason,0.6,0.9,0.75,True,0.7947816848754883,0.04478168487548828,True,True,True,True,False
p02257,Description_Simple,0.2,0.6,0.4,False,0.785394012928009,0.385394012928009,False,False,True,False,False
p00003,Description_Fewshot,0.9,0.6,0.75,True,0.7282395362854004,0.02176046371459961,True,True,True,True,False
p00003,Description_Reason,0.9,0.9,0.9,True,0.7066220641136169,0.19337793588638308,True,True,True,True,False
p00003,Description_Simple,0.9,0.9,0.9,True,0.7097301483154297,0.19026985168457033,True,True,True,True,False
p03456,Description_Fewshot,0.9,0.9,0.9,True,0.6886270046234131,0.21137299537658694,True,True,True,True,False
p03456,Description_Reason,0.9,0.6,0.75,True,0.3957621455192566,0.3542378544807434,False,True,False,False,False
p03456,Description_Simple,0.0,0.9,0.45,False,0.6484726667404175,0.19847266674041747,False,False,True,False,False
p03035,Description_Fewshot,0.6,0.2,0.4,False,0.32410311698913574,0.07589688301086428,True,False,False,False,True
p03035,Description_Reason,0.2,0.9,0.55,True,0.30332687497138977,0.24667312502861027,False,True,False,False,False
p03035,Description_Simple,0.9,0.0,0.45,False,0.2806188762187958,0.16938112378120423,True,False,False,False,True
p02657,Description_Fewshot,0.1,0.1,0.1,False,0.529315173625946,0.42931517362594607,False,False,True,False,False
p02657,Description_Reason,0.0,0.2,0.1,False,0.5948256254196167,0.4948256254196167,False,False,True,False,False
p02657,Description_Simple,0.6,0.9,0.75,True,0.5567086935043335,0.1932913064956665,True,True,True,True,False
p02951,Description_Fewshot,0.1,0.2,0.15000000000000002,False,0.27003243565559387,0.12003243565559385,True,False,False,False,True
p02951,Description_Reason,0.9,0.9,0.9,True,0.19180971384048462,0.7081902861595154,False,True,False,False,False
p02951,Description_Simple,0.1,0.0,0.05,False,0.22842013835906982,0.17842013835906984,True,False,False,False,True
p03308,Description_Fewshot,0.1,0.1,0.1,False,0.6610226035118103,0.5610226035118103,False,False,True,False,False
p03308,Description_Reason,0.1,0.9,0.5,True,0.5015566349029541,0.0015566349029541016,True,True,True,True,False
p03308,Description_Simple,0.6,0.2,0.4,False,0.5757830739021301,0.1757830739021301,False,False,True,False,False
p02934,Description_Fewshot,0.2,0.0,0.1,False,0.36618682742118835,0.2661868274211884,True,False,False,False,True
p02934,Description_Reason,0.0,0.9,0.45,False,0.3075927793979645,0.14240722060203553,True,False,False,False,True
p02934,Description_Simple,0.9,0.1,0.5,True,0.33698347210884094,0.16301652789115906,False,True,False,False,False
p03087,Description_Fewshot,0.9,0.1,0.5,True,0.7038491368293762,0.20384913682937622,True,True,True,True,False
p03087,Description_Reason,0.9,0.9,0.9,True,0.6660182476043701,0.2339817523956299,True,True,True,True,False
p03087,Description_Simple,0.1,0.9,0.5,True,0.6475643515586853,0.1475643515586853,True,True,True,True,False
p02392,Description_Fewshot,0.9,0.2,0.55,True,0.7532429099082947,0.20324290990829463,True,True,True,True,False
p02392,Description_Reason,0.9,0.9,0.9,True,0.7384348511695862,0.16156514883041384,True,True,True,True,False
p02392,Description_Simple,0.9,0.6,0.75,True,0.7051060199737549,0.04489398002624512,True,True,True,True,False
p03281,Description_Fewshot,0.9,0.9,0.9,True,0.7151029706001282,0.18489702939987185,True,True,True,True,False
p03281,Description_Reason,0.6,0.6,0.6,True,0.6973876953125,0.09738769531250002,True,True,True,True,False
p03281,Description_Simple,0.6,0.9,0.75,True,0.6868177652359009,0.06318223476409912,True,True,True,True,False
p02945,Description_Fewshot,0.1,0.2,0.15000000000000002,False,0.5629947781562805,0.4129947781562805,False,False,True,False,False
p02945,Description_Reason,0.1,0.6,0.35,False,0.6182135343551636,0.2682135343551636,False,False,True,False,False
p02945,Description_Simple,0.2,0.0,0.1,False,0.5618928074836731,0.4618928074836731,False,False,True,False,False
p03469,Description_Fewshot,0.6,0.2,0.4,False,0.637380838394165,0.23738083839416502,False,False,True,False,False
p03469,Description_Reason,0.1,0.1,0.1,False,0.24662275612354279,0.14662275612354278,True,False,False,False,True
p03469,Description_Simple,0.2,0.0,0.1,False,0.595142662525177,0.495142662525177,False,False,True,False,False
p02711,Description_Fewshot,0.1,0.9,0.5,True,0.4504762887954712,0.04952371120452881,False,True,False,False,False
p02711,Description_Reason,0.0,0.2,0.1,False,0.42507651448249817,0.3250765144824982,True,False,False,False,True
p02711,Description_Simple,0.9,0.9,0.9,True,0.4391116797924042,0.46088832020759585,False,True,False,False,False
p02403,Description_Fewshot,0.9,0.1,0.5,True,0.46219825744628906,0.03780174255371094,False,True,False,False,False
p02403,Description_Reason,0.9,0.9,0.9,True,0.41854554414749146,0.48145445585250857,False,True,False,False,False
p02403,Description_Simple,0.9,0.8,0.8500000000000001,True,0.42380648851394653,0.42619351148605356,False,True,False,False,False
p02416,Description_Fewshot,0.9,0.9,0.9,True,0.7462549209594727,0.15374507904052737,True,True,True,True,False
p02416,Description_Reason,0.6,0.2,0.4,False,0.7517529726028442,0.3517529726028442,False,False,True,False,False
p02416,Description_Simple,0.8,0.9,0.8500000000000001,True,0.7053144574165344,0.14468554258346566,True,True,True,True,False
p03075,Description_Fewshot,0.6,0.9,0.75,True,0.5016064643859863,0.24839353561401367,True,True,True,True,False
p03075,Description_Reason,0.2,0.2,0.2,False,0.508422315120697,0.308422315120697,False,False,True,False,False
p03075,Description_Simple,0.9,0.9,0.9,True,0.5292094945907593,0.37079050540924074,True,True,True,True,False
p02881,Description_Fewshot,0.9,0.3,0.6,True,0.4537883400917053,0.14621165990829466,False,True,False,False,False
p02881,Description_Reason,0.9,0.8,0.8500000000000001,True,0.3487163484096527,0.5012836515903474,False,True,False,False,False
p02881,Description_Simple,0.9,0.9,0.9,True,0.4998173415660858,0.4001826584339142,False,True,False,False,False
p02982,Description_Fewshot,0.8,0.9,0.8500000000000001,True,0.764949381351471,0.08505061864852914,True,True,True,True,False
p02982,Description_Reason,0.9,0.9,0.9,True,0.7260252237319946,0.1739747762680054,True,True,True,True,False
p02982,Description_Simple,0.9,0.9,0.9,True,0.6972478628158569,0.2027521371841431,True,True,True,True,False
p03632,Description_Fewshot,0.9,0.9,0.9,True,0.7789446711540222,0.1210553288459778,True,True,True,True,False
p03632,Description_Reason,0.9,0.9,0.9,True,0.7621741890907288,0.13782581090927126,True,True,True,True,False
p03632,Description_Simple,0.3,0.9,0.6,True,0.67998206615448,0.07998206615448,True,True,True,True,False
p02766,Description_Fewshot,0.9,0.9,0.9,True,0.6397408843040466,0.2602591156959534,True,True,True,True,False
p02766,Description_Reason,0.9,0.6,0.75,True,0.48520588874816895,0.26479411125183105,False,True,False,False,False
p02766,Description_Simple,0.9,0.9,0.9,True,0.5639420747756958,0.3360579252243042,True,True,True,True,False
p02405,Description_Fewshot,0.6,0.6,0.6,True,0.5967288017272949,0.003271198272705056,True,True,True,True,False
p02405,Description_Reason,0.9,0.8,0.8500000000000001,True,0.6617095470428467,0.1882904529571534,True,True,True,True,False
p02405,Description_Simple,0.2,0.9,0.55,True,0.6345008611679077,0.08450086116790767,True,True,True,True,False
p02713,Description_Fewshot,0.6,0.2,0.4,False,0.7549105882644653,0.3549105882644653,False,False,True,False,False
p02713,Description_Reason,0.4,0.6,0.5,True,0.708332896232605,0.20833289623260498,True,True,True,True,False
p02713,Description_Simple,0.8,0.9,0.8500000000000001,True,0.6818380951881409,0.16816190481185922,True,True,True,True,False
p02791,Description_Fewshot,0.2,0.4,0.30000000000000004,False,0.40913617610931396,0.10913617610931392,True,False,False,False,True
p02791,Description_Reason,0.2,0.6,0.4,False,0.5959092378616333,0.19590923786163328,False,False,True,False,False
p02791,Description_Simple,0.2,0.2,0.2,False,0.5263960361480713,0.3263960361480713,False,False,True,False,False
p02571,Description_Fewshot,0.2,0.9,0.55,True,0.4614933133125305,0.08850668668746953,False,True,False,False,False
p02571,Description_Reason,0.6,0.2,0.4,False,0.34870445728302,0.05129554271698,True,False,False,False,True
p02571,Description_Simple,0.9,0.9,0.9,True,0.33412209153175354,0.5658779084682465,False,True,False,False,False
p02658,Description_Fewshot,0.6,0.9,0.75,True,0.6862252354621887,0.06377476453781128,True,True,True,True,False
p02658,Description_Reason,0.9,0.6,0.75,True,0.6882905960083008,0.06170940399169922,True,True,True,True,False
p02658,Description_Simple,0.9,0.6,0.75,True,0.644771158695221,0.10522884130477905,True,True,True,True,False
p02612,Description_Fewshot,0.1,0.6,0.35,False,0.28978171944618225,0.06021828055381773,True,False,False,False,True
p02612,Description_Reason,0.6,0.0,0.3,False,0.2887019217014313,0.011298078298568714,True,False,False,False,True
p02612,Description_Simple,0.6,0.1,0.35,False,0.23707270622253418,0.1129272937774658,True,False,False,False,True
p03037,Description_Fewshot,0.1,0.0,0.05,False,0.32244113087654114,0.27244113087654115,True,False,False,False,True
p03037,Description_Reason,0.6,0.6,0.6,True,0.318635493516922,0.281364506483078,False,True,False,False,False
p03037,Description_Simple,0.0,0.1,0.05,False,0.3131546676158905,0.2631546676158905,True,False,False,False,True
p02897,Description_Fewshot,0.1,0.1,0.1,False,0.5960983633995056,0.49609836339950564,False,False,True,False,False
p02897,Description_Reason,0.0,0.1,0.05,False,0.4779568612575531,0.4279568612575531,True,False,False,False,True
p02897,Description_Simple,0.9,0.6,0.75,True,0.520670473575592,0.22932952642440796,True,True,True,True,False
p02987,Description_Fewshot,0.0,0.0,0.0,False,0.5700278282165527,0.5700278282165527,False,False,True,False,False
p02987,Description_Reason,0.6,0.1,0.35,False,0.5533852577209473,0.2033852577209473,False,False,True,False,False
p02987,Description_Simple,0.6,0.1,0.35,False,0.5590139627456665,0.20901396274566653,False,False,True,False,False
p02407,Description_Fewshot,0.0,0.9,0.45,False,0.3961488604545593,0.053851139545440685,True,False,False,False,True
p02407,Description_Reason,0.0,0.9,0.45,False,0.5830303430557251,0.1330303430557251,False,False,True,False,False
p02407,Description_Simple,0.9,0.6,0.75,True,0.5586162209510803,0.19138377904891968,True,True,True,True,False
p02687,Description_Fewshot,0.0,0.9,0.45,False,0.22489245235919952,0.2251075476408005,True,False,False,False,True
p02687,Description_Reason,0.9,0.9,0.9,True,0.24646534025669098,0.653534659743309,False,True,False,False,False
p02687,Description_Simple,0.9,0.0,0.45,False,0.2376699149608612,0.2123300850391388,True,False,False,False,True
p00006,Description_Fewshot,0.8,0.0,0.4,False,0.6694614887237549,0.26946148872375486,False,False,True,False,False
p00006,Description_Reason,0.0,0.7,0.35,False,0.6644367575645447,0.3144367575645447,False,False,True,False,False
p00006,Description_Simple,0.9,0.6,0.75,True,0.573200523853302,0.176799476146698,True,True,True,True,False
p02957,Description_Fewshot,0.9,0.9,0.9,True,0.6018170118331909,0.2981829881668091,True,True,True,True,False
p02957,Description_Reason,0.9,0.9,0.9,True,0.29242977499961853,0.6075702250003815,False,True,False,False,False
p02957,Description_Simple,0.9,0.9,0.9,True,0.4917981028556824,0.40820189714431765,False,True,False,False,False
p02417,Description_Fewshot,0.9,0.0,0.45,False,0.6887392997741699,0.2387392997741699,False,False,True,False,False
p02417,Description_Reason,0.9,0.9,0.9,True,0.6636179685592651,0.23638203144073489,True,True,True,True,False
p02417,Description_Simple,0.0,0.9,0.45,False,0.7490429878234863,0.2990429878234863,False,False,True,False,False
p02393,Description_Fewshot,0.9,0.9,0.9,True,0.7337169647216797,0.16628303527832033,True,True,True,True,False
p02393,Description_Reason,0.6,0.9,0.75,True,0.7434688806533813,0.006531119346618652,True,True,True,True,False
p02393,Description_Simple,0.9,0.9,0.9,True,0.640505313873291,0.259494686126709,True,True,True,True,False
p02415,Description_Fewshot,0.9,0.6,0.75,True,0.721409797668457,0.02859020233154297,True,True,True,True,False
p02415,Description_Reason,0.9,0.9,0.9,True,0.6924899220466614,0.20751007795333865,True,True,True,True,False
p02415,Description_Simple,0.6,0.6,0.6,True,0.7268663048744202,0.1268663048744202,True,True,True,True,False
p00002,Description_Fewshot,0.6,0.6,0.6,True,0.6832488179206848,0.08324881792068484,True,True,True,True,False
p00002,Description_Reason,0.6,0.6,0.6,True,0.68385910987854,0.08385910987854006,True,True,True,True,False
p00002,Description_Simple,0.6,0.9,0.75,True,0.6514102220535278,0.09858977794647217,True,True,True,True,False
p02699,Description_Fewshot,0.6,0.2,0.4,False,0.6335206627845764,0.2335206627845764,False,False,True,False,False
p02699,Description_Reason,0.2,0.0,0.1,False,0.7125740051269531,0.6125740051269531,False,False,True,False,False
p02699,Description_Simple,0.3,0.6,0.44999999999999996,False,0.6963189840316772,0.2463189840316773,False,False,True,False,False
p02981,Description_Fewshot,0.0,0.6,0.3,False,0.37476682662963867,0.07476682662963868,True,False,False,False,True
p02981,Description_Reason,0.9,0.9,0.9,True,0.3163023889064789,0.5836976110935211,False,True,False,False,False
p02981,Description_Simple,0.4,0.4,0.4,False,0.18239504098892212,0.2176049590110779,True,False,False,False,True
p03644,Description_Fewshot,0.4,0.3,0.35,False,0.1680920273065567,0.18190797269344328,True,False,False,False,True
p03644,Description_Reason,0.1,0.0,0.05,False,0.34463709592819214,0.29463709592819215,True,False,False,False,True
p03644,Description_Simple,0.0,0.1,0.05,False,0.4940246641635895,0.4440246641635895,True,False,False,False,True
p02398,Description_Fewshot,0.6,0.9,0.75,True,0.626809298992157,0.12319070100784302,True,True,True,True,False
p02398,Description_Reason,0.9,0.9,0.9,True,0.6275737881660461,0.2724262118339539,True,True,True,True,False
p02398,Description_Simple,0.9,0.2,0.55,True,0.521562397480011,0.028437602519989058,True,True,True,True,False
p02570,Description_Fewshot,0.9,0.4,0.65,True,0.5373194813728333,0.11268051862716677,True,True,True,True,False
p02570,Description_Reason,0.9,0.8,0.8500000000000001,True,0.5122209787368774,0.33777902126312265,True,True,True,True,False
p02570,Description_Simple,0.8,0.9,0.8500000000000001,True,0.5354068875312805,0.31459311246871957,True,True,True,True,False
p03371,Description_Fewshot,0.9,0.9,0.9,True,0.536540150642395,0.363459849357605,True,True,True,True,False
p03371,Description_Reason,0.0,0.6,0.3,False,0.5515710115432739,0.25157101154327394,False,False,True,False,False
p03371,Description_Simple,0.6,0.0,0.3,False,0.5657480955123901,0.26574809551239015,False,False,True,False,False
p02790,Description_Fewshot,0.6,0.0,0.3,False,0.316448837518692,0.016448837518692028,True,False,False,False,True
p02790,Description_Reason,0.1,0.2,0.15000000000000002,False,0.4749431312084198,0.3249431312084198,True,False,False,False,True
p02790,Description_Simple,0.1,0.6,0.35,False,0.5107969641685486,0.1607969641685486,False,False,True,False,False
p03352,Description_Fewshot,0.3,0.1,0.2,False,0.5252487659454346,0.32524876594543456,False,False,True,False,False
p03352,Description_Reason,0.0,0.1,0.05,False,0.47864311933517456,0.42864311933517457,True,False,False,False,True
p03352,Description_Simple,0.0,0.9,0.45,False,0.47749003767967224,0.02749003767967223,True,False,False,False,True
p02659,Description_Fewshot,0.6,0.1,0.35,False,0.5722765326499939,0.22227653264999392,False,False,True,False,False
p02659,Description_Reason,0.3,0.9,0.6,True,0.5265347957611084,0.07346520423889158,True,True,True,True,False
p02659,Description_Simple,0.9,0.6,0.75,True,0.5371399521827698,0.21286004781723022,True,True,True,True,False
p02848,Description_Fewshot,0.9,0.9,0.9,True,0.5464061498641968,0.35359385013580324,True,True,True,True,False
p02848,Description_Reason,0.6,0.3,0.44999999999999996,False,0.559893786907196,0.10989378690719609,False,False,True,False,False
p02848,Description_Simple,0.2,0.1,0.15000000000000002,False,0.5121182203292847,0.36211822032928465,False,False,True,False,False
p02818,Description_Fewshot,0.9,0.9,0.9,True,0.3115482032299042,0.5884517967700958,False,True,False,False,False
p02818,Description_Reason,0.2,0.0,0.1,False,0.16419720649719238,0.06419720649719238,True,False,False,False,True
p02818,Description_Simple,0.7,0.2,0.44999999999999996,False,0.18800997734069824,0.2619900226593017,True,False,False,False,True
p03042,Description_Fewshot,0.5,0.6,0.55,True,0.5804027915000916,0.03040279150009151,True,True,True,True,False
p03042,Description_Reason,0.6,0.6,0.6,True,0.559528648853302,0.040471351146697976,True,True,True,True,False
p03042,Description_Simple,0.2,0.6,0.4,False,0.49466416239738464,0.09466416239738462,True,False,False,False,True
p03292,Description_Fewshot,0.0,0.6,0.3,False,0.43343228101730347,0.13343228101730348,True,False,False,False,True
p03292,Description_Reason,0.5,0.3,0.4,False,0.39777690172195435,0.0022230982780456765,True,False,False,False,True
p03292,Description_Simple,0.6,0.4,0.5,True,0.40970540046691895,0.09029459953308105,False,True,False,False,False
p03071,Description_Fewshot,0.6,0.1,0.35,False,0.3293403685092926,0.020659631490707375,True,False,False,False,True
p03071,Description_Reason,0.1,0.6,0.35,False,0.35803160071372986,0.00803160071372988,True,False,False,False,True
p03071,Description_Simple,0.6,0.9,0.75,True,0.34092575311660767,0.40907424688339233,False,True,False,False,False
p04044,Description_Fewshot,0.6,0.6,0.6,True,0.231245219707489,0.36875478029251096,False,True,False,False,False
p04044,Description_Reason,0.1,0.0,0.05,False,0.2565295696258545,0.2065295696258545,True,False,False,False,True
p04044,Description_Simple,0.6,0.6,0.6,True,0.24221768975257874,0.35778231024742124,False,True,False,False,False
p03680,Description_Fewshot,0.6,0.1,0.35,False,0.41993728280067444,0.06993728280067446,True,False,False,False,True
p03680,Description_Reason,0.1,0.1,0.1,False,0.3901115655899048,0.2901115655899048,True,False,False,False,True
p03680,Description_Simple,0.0,0.9,0.45,False,0.35740038752555847,0.09259961247444154,True,False,False,False,True
p02420,Description_Fewshot,0.9,0.0,0.45,False,0.37797725200653076,0.07202274799346925,True,False,False,False,True
p02420,Description_Reason,0.0,0.0,0.0,False,0.3567989766597748,0.3567989766597748,True,False,False,False,True
p02420,Description_Simple,0.6,0.6,0.6,True,0.3687235713005066,0.23127642869949339,False,True,False,False,False
p02953,Description_Fewshot,0.9,0.0,0.45,False,0.48354530334472656,0.03354530334472655,True,False,False,False,True
p02953,Description_Reason,0.2,0.9,0.55,True,0.4684196710586548,0.08158032894134526,False,True,False,False,False
p02953,Description_Simple,0.9,0.9,0.9,True,0.43618151545524597,0.46381848454475405,False,True,False,False,False
p02831,Description_Fewshot,0.9,0.9,0.9,True,0.5589554309844971,0.34104456901550295,True,True,True,True,False
p02831,Description_Reason,0.9,0.9,0.9,True,0.5503411889076233,0.34965881109237673,True,True,True,True,False
p02831,Description_Simple,0.9,0.9,0.9,True,0.5442020893096924,0.35579791069030764,True,True,True,True,False
p02860,Description_Fewshot,0.6,0.9,0.75,True,0.5037068128585815,0.24629318714141846,True,True,True,True,False
p02860,Description_Reason,0.9,0.4,0.65,True,0.45958828926086426,0.19041171073913576,False,True,False,False,False
p02860,Description_Simple,0.9,0.6,0.75,True,0.49497538805007935,0.25502461194992065,False,True,False,False,False
p02582,Description_Fewshot,0.0,0.0,0.0,False,0.4532999098300934,0.4532999098300934,True,False,False,False,True
p02582,Description_Reason,0.6,0.1,0.35,False,0.45301201939582825,0.10301201939582827,True,False,False,False,True
p02582,Description_Simple,0.0,0.0,0.0,False,0.36050519347190857,0.36050519347190857,True,False,False,False,True
p02783,Description_Fewshot,0.2,0.9,0.55,True,0.14139628410339355,0.4086037158966065,False,True,False,False,False
p02783,Description_Reason,0.1,0.9,0.5,True,0.14206092059612274,0.35793907940387726,False,True,False,False,False
p02783,Description_Simple,0.0,0.2,0.1,False,0.14864639937877655,0.048646399378776545,True,False,False,False,True
p02753,Description_Fewshot,0.9,0.0,0.45,False,0.20190107822418213,0.24809892177581788,True,False,False,False,True
p02753,Description_Reason,0.0,0.1,0.05,False,0.2067744880914688,0.15677448809146882,True,False,False,False,True
p02753,Description_Simple,0.0,0.0,0.0,False,0.16578206419944763,0.16578206419944763,True,False,False,False,True
